{
    "ticker": "PEP",
    "market_index": "SPY",
    "unique_news_events": 75,
    "events_by_sentiment": {
        "positive": 18,
        "negative": 13,
        "neutral": 16
    },
    "event_windows": [
        5,
        15,
        30,
        60
    ],
    "estimation_window": 30,
    "min_data_points": 200,
    "aar_caar": {
        "positive": {
            "count": {
                "5": 18.0,
                "15": 18.0,
                "30": 19.0,
                "60": 19.0
            },
            "AAR": {
                "5": 6.382724947508547e-05,
                "15": -5.353245254219316e-05,
                "30": 0.00020347162449895468,
                "60": 0.00024678396286419055
            },
            "AAR_std": {
                "5": 0.0007911188233302753,
                "15": 0.00047652984670403534,
                "30": 0.0008884955446781076,
                "60": 0.000516365973820351
            },
            "CAAR": {
                "5": 6.382724947508547e-05,
                "15": 1.029479693289231e-05,
                "30": 0.000213766421431847,
                "60": 0.00046055038429603754
            },
            "t_stat": {
                "5": 0.3422950858759418,
                "15": -0.47661014899209586,
                "30": 0.9982180038846644,
                "60": 2.083224707958294
            },
            "p_value": {
                "5": 0.7363242833237584,
                "15": 0.6397083587949535,
                "30": 0.33140465115757256,
                "60": 0.05176135694685402
            }
        },
        "negative": {
            "count": {
                "5": 13.0,
                "15": 14.0,
                "30": 16.0,
                "60": 18.0
            },
            "AAR": {
                "5": 0.0005090202831607353,
                "15": 0.000665166834641473,
                "30": -0.000417887520601871,
                "60": 0.0006377576506294241
            },
            "AAR_std": {
                "5": 0.003172386547011883,
                "15": 0.0019210074161900806,
                "30": 0.0024789431219475523,
                "60": 0.001560573538738962
            },
            "CAAR": {
                "5": 0.0005090202831607353,
                "15": 0.0011741871178022082,
                "30": 0.0007562995972003372,
                "60": 0.0013940572478297612
            },
            "t_stat": {
                "5": 0.5785230469205982,
                "15": 1.2955839625072239,
                "30": -0.6742994898141311,
                "60": 1.733834702380275
            },
            "p_value": {
                "5": 0.5736089187526621,
                "15": 0.21765194064340143,
                "30": 0.5103800521690949,
                "60": 0.10104349909290145
            }
        },
        "neutral": {
            "count": {
                "5": 16.0,
                "15": 21.0,
                "30": 24.0,
                "60": 24.0
            },
            "AAR": {
                "5": -0.0004183998983834327,
                "15": 0.0004931661209048614,
                "30": 0.000580119673367419,
                "60": 0.0003595934461198505
            },
            "AAR_std": {
                "5": 0.0009907206178572648,
                "15": 0.0015748183333666118,
                "30": 0.0013017646811200637,
                "60": 0.001064322370874428
            },
            "CAAR": {
                "5": -0.0004183998983834327,
                "15": 7.476622252142867e-05,
                "30": 0.0006548858958888477,
                "60": 0.0010144793420086983
            },
            "t_stat": {
                "5": -1.6892750220071124,
                "15": 1.4350677988380758,
                "30": 2.183185963038368,
                "60": 1.6551760668508038
            },
            "p_value": {
                "5": 0.11183869657938095,
                "15": 0.1667222087215381,
                "30": 0.039484023637389676,
                "60": 0.11147193708689507
            }
        }
    },
    "market_model_stats": {
        "positive": {
            "avg_r_squared": 0.012455222286169177,
            "avg_adj_r_squared": 0.012370795101616367,
            "avg_rmse": 0.0008997532235397503,
            "avg_mae": 0.0005297123687496063,
            "avg_data_points": 11699.0,
            "count": 20.0
        },
        "negative": {
            "avg_r_squared": 0.05528397868971957,
            "avg_adj_r_squared": 0.05520321302148747,
            "avg_rmse": 0.0010399815379318839,
            "avg_mae": 0.0005634315498968646,
            "avg_data_points": 11699.0,
            "count": 20.0
        },
        "neutral": {
            "avg_r_squared": 0.05597476668446251,
            "avg_adj_r_squared": 0.055894060073082175,
            "avg_rmse": 0.0009922397289614782,
            "avg_mae": 0.0005434472085540262,
            "avg_data_points": 11699.0,
            "count": 25.0
        },
        "overall": {
            "avg_r_squared": 0.042371587486605196,
            "avg_adj_r_squared": 0.04228971791214048,
            "avg_rmse": 0.000978472130053379,
            "avg_mae": 0.0005453701321043088,
            "avg_data_points": 11699.0,
            "count": 65.0
        }
    },
    "individual_event_caars_by_sentiment_window": {
        "positive": {
            "5": [
                2.8361854003411643e-05,
                -5.176176155114229e-05,
                0.0005688447468038763,
                0.0004696844070897487,
                -0.000400778068373711,
                0.0003935770086447153,
                -0.0003340605322858807,
                -0.00013628444010949466,
                6.224470247612563e-05,
                -0.00013863190021714674,
                -0.000897475845259011,
                -0.00040483605342010634,
                0.0020204732009067037,
                0.0018150326715577038,
                -0.0005361198723845814,
                -0.00015173107119047601,
                0.00012685954107932327,
                -0.0012845080972185192
            ],
            "15": [
                0.0003070468303723195,
                -0.0014093522529443,
                -5.656923533361502e-05,
                -0.0008360333473312229,
                0.00032709916224418545,
                9.452470389863322e-05,
                0.0002605448190326312,
                -4.846701741949061e-06,
                0.00022888619421340423,
                -5.70998133405804e-06,
                -0.0005568077278211697,
                -0.0002389183878501552,
                0.0006710977880478491,
                -3.769783200808741e-06,
                -0.0001979309341443218,
                -0.00020501715249416141,
                0.00036369748470518214,
                0.0002984743759220805
            ],
            "30": [
                0.00013929229701800511,
                0.00035998606060254156,
                0.002959156072621025,
                -0.00011839749782122849,
                0.0013308819349272063,
                -5.179130840507408e-05,
                -3.2483549977455307e-06,
                -0.00013510951421092187,
                0.0003289136583823274,
                0.001021717276534573,
                0.0005899327097379305,
                0.00010985578083704393,
                -0.0003989561331353817,
                -0.001072901321379748,
                -0.0013540055081125903,
                0.00044359179225427484,
                0.0002658763196651005,
                -0.0002746840610103662,
                -0.0002741493380268326
            ],