{
    "ticker": "ADBE",
    "market_index": "SPY",
    "unique_news_events": 112,
    "events_by_sentiment": {
        "positive": 28,
        "negative": 24,
        "neutral": 18
    },
    "event_windows": [
        5,
        15,
        30,
        60
    ],
    "estimation_window": 30,
    "min_data_points": 200,
    "aar_caar": {
        "positive": {
            "count": {
                "5": 28.0,
                "15": 28.0,
                "30": 32.0,
                "60": 33.0
            },
            "AAR": {
                "5": 0.00020644264116027894,
                "15": 0.0004475747912848986,
                "30": -0.00010233569162881713,
                "60": -0.00015896745736704906
            },
            "AAR_std": {
                "5": 0.0019802537866328764,
                "15": 0.0012590103532399302,
                "30": 0.002150135706318686,
                "60": 0.001516694206714675
            },
            "CAAR": {
                "5": 0.00020644264116027894,
                "15": 0.0006540174324451776,
                "30": 0.0005516817408163605,
                "60": 0.0003927142834493114
            },
            "t_stat": {
                "5": 0.55164231190606,
                "15": 1.8811149372904528,
                "30": -0.26923793245421024,
                "60": -0.602097979647436
            },
            "p_value": {
                "5": 0.5857305851679542,
                "15": 0.07078153615259519,
                "30": 0.7895305595377904,
                "60": 0.5513516582703688
            }
        },
        "negative": {
            "count": {
                "5": 24.0,
                "15": 25.0,
                "30": 25.0,
                "60": 26.0
            },
            "AAR": {
                "5": -0.000854401692077757,
                "15": -0.00019907226993805794,
                "30": -0.0006610361081505576,
                "60": -9.839461294044747e-05
            },
            "AAR_std": {
                "5": 0.003282877253518361,
                "15": 0.0022081831850564726,
                "30": 0.0014117443657179984,
                "60": 0.0010157374219520135
            },
            "CAAR": {
                "5": -0.000854401692077757,
                "15": -0.001053473962015815,
                "30": -0.0017145100701663725,
                "60": -0.00181290468310682
            },
            "t_stat": {
                "5": -1.2750084875808787,
                "15": -0.4507603157320637,
                "30": -2.341203280858718,
                "60": -0.49394266724127184
            },
            "p_value": {
                "5": 0.2150360599376424,
                "15": 0.6562084076221195,
                "30": 0.027858472644226362,
                "60": 0.6256587008176795
            }
        },
        "neutral": {
            "count": {
                "5": 18.0,
                "15": 20.0,
                "30": 22.0,
                "60": 25.0
            },
            "AAR": {
                "5": 0.0002695103329073176,
                "15": 2.5201279215250497e-05,
                "30": -3.3285021835490247e-06,
                "60": -0.00011104746619207916
            },
            "AAR_std": {
                "5": 0.0016589533857679427,
                "15": 0.0008961908455086975,
                "30": 0.0009578003441866393,
                "60": 0.0008031681046515992
            },
            "CAAR": {
                "5": 0.0002695103329073176,
                "15": 0.0002947116121225681,
                "30": 0.0002913831099390191,
                "60": 0.00018033564374693992
            },
            "t_stat": {
                "5": 0.6892511349632309,
                "15": 0.12575842238885218,
                "30": -0.016299909676460545,
                "60": -0.6913089896681697
            },
            "p_value": {
                "5": 0.49996560558535985,
                "15": 0.9012443352887174,
                "30": 0.9871490010174171,
                "60": 0.49600463343666634
            }
        }
    },
    "market_model_stats": {
        "positive": {
            "avg_r_squared": 0.2173549297177522,
            "avg_adj_r_squared": 0.21728801982031842,
            "avg_rmse": 0.0011231746760457632,
            "avg_mae": 0.0005499363602812151,
            "avg_data_points": 11699.0,
            "count": 37.0
        },
        "negative": {
            "avg_r_squared": 0.24477303578717508,
            "avg_adj_r_squared": 0.24470846991864362,
            "avg_rmse": 0.0010825810191960163,
            "avg_mae": 0.0005569557863916853,
            "avg_data_points": 11699.0,
            "count": 31.0
        },
        "neutral": {
            "avg_r_squared": 0.2395837189977699,
            "avg_adj_r_squared": 0.23951870948413367,
            "avg_rmse": 0.0010390025920030412,
            "avg_mae": 0.0005304216073523281,
            "avg_data_points": 11699.0,
            "count": 29.0
        },
        "overall": {
            "avg_r_squared": 0.232763137730872,
            "avg_adj_r_squared": 0.2326975451120578,
            "avg_rmse": 0.0010850365956377105,
            "avg_mae": 0.0005463453744511827,
            "avg_data_points": 11699.0,
            "count": 97.0
        }
    },
    "individual_event_caars_by_sentiment_window": {
        "positive": {
            "5": [
                0.0011191266001486047,
                0.00015605796796701538,
                -0.00027558374852801955,
                -0.001237467679447511,
                0.002752883699618248,
                -0.0009215056377967238,
                -0.0002526675169008894,
                0.006032523816974413,
                0.0014645963502112078,
                0.003014501203022797,
                0.0004046511547568365,
                5.562198108369216e-05,
                0.0008216064457777562,
                -0.00020298008415936463,
                -0.000482437806057601,
                0.0017927818007137106,
                5.415880782375261e-05,
                -5.7727206724645904e-05,
                0.0006600204297232018,
                0.00040162505746667667,
                -0.0006145089228792363,
                0.0007974117575471664,
                -0.0005256236708528708,
                -0.0001279542183178613,
                0.00038717409024144475,
                -0.006397391600317114,
                -0.0016947792373802235,
                -0.001343719881226652
            ],
            "15": [
                0.0007411037986989552,
                1.6381921052444157e-05,
                0.0005808457840446481,
                9.531568060458794e-05,
                0.00026455606445457817,
                0.0038728026436760524,
                0.00016472272107533666,
                0.002018054320723202,
                -3.2411998708304728e-06,
                -0.00019025424870326458,
                0.00024067729619060038,
                -0.0001657170335035744,
                -0.000790996635077638,
                -0.00010662925800399107,
                0.0005250372220649703,
                0.00365683280782313,
                5.415880782375261e-05,
                -0.00014464050909440674,
                -9.94528454952755e-07,
                0.0009602773091354196,
                0.0003129123518796716,
                -0.002738718141223466,
                -0.00033853226172940026,
                -0.00014921740151171043,
                0.002239165048739096,
                0.0005595728596966297,
                0.0011856611215254836,
                -0.0003270423860581603
            ],