market_session,count,total_return,avg_return,win_rate
Midday,7,-3.6044639355666526,-0.5149234193666646,0.42857142857142855
Afternoon,1,-0.6604872881355808,-0.6604872881355808,0.0
