{
    "ticker": "BIIB",
    "market_index": "SPY",
    "unique_news_events": 17,
    "events_by_sentiment": {
        "positive": 2,
        "negative": 3,
        "neutral": 1
    },
    "event_windows": [
        5,
        15,
        30,
        60
    ],
    "estimation_window": 30,
    "min_data_points": 200,
    "aar_caar": {
        "positive": {
            "count": {
                "5": 2.0,
                "15": 3.0,
                "30": 3.0,
                "60": 3.0
            },
            "AAR": {
                "5": 0.001354597399294478,
                "15": 0.0035475497920829575,
                "30": -0.00020484901855290997,
                "60": 0.0005139956818821264
            },
            "AAR_std": {
                "5": 0.00022776273588756568,
                "15": 0.004689864200828966,
                "30": 0.0005929044170784285,
                "60": 0.0004084512208749558
            },
            "CAAR": {
                "5": 0.001354597399294478,
                "15": 0.0049021471913774355,
                "30": 0.0046972981728245254,
                "60": 0.0052112938547066515
            },
            "t_stat": {
                "5": 8.41090183682746,
                "15": 1.3101736466446086,
                "30": -0.5984251386801964,
                "60": 2.1796155584595525
            },
            "p_value": {
                "5": 0.07533618868855663,
                "15": 0.3203918498920437,
                "30": 0.6103025577001664,
                "60": 0.16111056744263452
            }
        },
        "negative": {
            "count": {
                "5": 3.0,
                "15": 3.0,
                "30": 3.0,
                "60": 4.0
            },
            "AAR": {
                "5": 0.00018091072027547352,
                "15": 0.0014480325766111591,
                "30": 0.0002494290044485393,
                "60": 0.00026376054478713173
            },
            "AAR_std": {
                "5": 0.0003131726523099614,
                "15": 0.001989658022965549,
                "30": 0.00011467368116901281,
                "60": 0.0007938946195340718
            },
            "CAAR": {
                "5": 0.00018091072027547352,
                "15": 0.0016289432968866326,
                "30": 0.0018783723013351718,
                "60": 0.0021421328461223034
            },
            "t_stat": {
                "5": 1.0005553066008703,
                "15": 1.2605512931147704,
                "30": 3.7674181571746326,
                "60": 0.664472433235358
            },
            "p_value": {
                "5": 0.422436052537672,
                "15": 0.33461282686266824,
                "30": 0.06378784777519275,
                "60": 0.5538989443398659
            }
        },
        "neutral": {
            "count": {
                "5": 1.0,
                "15": 1.0,
                "30": 2.0,
                "60": 2.0
            },
            "AAR": {
                "5": -8.26879998928106e-06,
                "15": 0.0008673169546217971,
                "30": 0.000589414786135833,
                "60": 4.9641661525353276e-05
            },
            "AAR_std": {
                "5": 0.0,
                "15": 0.0,
                "30": 0.0006306745586275885,
                "60": 0.0005847602025414837
            },
            "CAAR": {
                "5": -8.26879998928106e-06,
                "15": 0.000859048154632516,
                "30": 0.001448462940768349,
                "60": 0.0014981046022937024
            },
            "t_stat": {
                "5": 0.0,
                "15": 0.0,
                "30": 1.3216933726174709,
                "60": 0.1200558975846324
            },
            "p_value": {
                "5": 1.0,
                "15": 1.0,
                "30": 0.4123481845795518,
                "60": 0.9239341041855464
            }
        }
    },
    "market_model_stats": {
        "positive": {
            "avg_r_squared": 0.09380875419143975,
            "avg_adj_r_squared": 0.09372854035342676,
            "avg_rmse": 0.0013619658714853476,
            "avg_mae": 0.0007840342349255592,
            "avg_data_points": 11333.75,
            "count": 4.0
        },
        "negative": {
            "avg_r_squared": 0.05742109691739308,
            "avg_adj_r_squared": 0.05734005583247162,
            "avg_rmse": 0.0014853055829892018,
            "avg_mae": 0.0007947024943040367,
            "avg_data_points": 11636.0,
            "count": 4.0
        },
        "neutral": {
            "avg_r_squared": 0.05956620988262066,
            "avg_adj_r_squared": 0.05948280664738644,
            "avg_rmse": 0.0015113396564878,
            "avg_mae": 0.0007921854271879435,
            "avg_data_points": 11289.333333333334,
            "count": 3.0
        },
        "overall": {
            "avg_r_squared": 0.07123800309847211,
            "avg_adj_r_squared": 0.07115661860779571,
            "avg_rmse": 0.0014475549806692361,
            "avg_mae": 0.000790136654407474,
            "avg_data_points": 11431.545454545454,
            "count": 11.0
        }
    },
    "individual_event_caars_by_sentiment_window": {
        "positive": {
            "5": [
                0.0015823601351820436,
                0.0011268346634069123
            ],
            "15": [
                0.0005994307072132302,
                -0.00012364913609333184,
                0.010166867805128975
            ],
            "30": [
                0.0005863952075524487,
                -0.000840789467730542,
                -0.00036015279548063663
            ],
            "60": [
                0.0003800207422849191,
                0.0010675904229183334,
                9.43758804431268e-05
            ]
        },
        "negative": {
            "5": [
                -4.6471999971881635e-05,
                0.0006237502068285275,
                -3.454604603022525e-05
            ],
            "15": [
                0.004258548858215621,
                -7.49423669591298e-05,
                0.00016049123857698577
            ],
            "30": [
                0.00041082411724997086,
                0.0001549912551038181,
                0.000182471640991829
            ],
            "60": [
                0.0005241462599767516,
                0.00032665599460345886,
                0.0011968945403581983,
                -0.000992654615789882
            ]
        },
        "neutral": {
            "5": [
                -8.26879998928106e-06
            ],
            "15": [
                0.0008673169546217971
            ],
            "30": [
                -4.1259772491755634e-05,
                0.0012200893447634215
            ],
            "60": [
                -0.0005351185410161304,
                0.000634401864066837
            ]
        }
    }
}