{
    "ticker": "GILD",
    "market_index": "SPY",
    "unique_news_events": 40,
    "events_by_sentiment": {
        "positive": 3,
        "negative": 10,
        "neutral": 14
    },
    "event_windows": [
        5,
        15,
        30,
        60
    ],
    "estimation_window": 30,
    "min_data_points": 200,
    "aar_caar": {
        "positive": {
            "count": {
                "5": 3.0,
                "15": 4.0,
                "30": 4.0,
                "60": 4.0
            },
            "AAR": {
                "5": -0.002377880073218079,
                "15": 0.0008500978995678867,
                "30": -0.0006503360945631075,
                "60": 0.0009325497876068623
            },
            "AAR_std": {
                "5": 0.003418744091653337,
                "15": 0.0010435304734990188,
                "30": 0.0014510596928868616,
                "60": 0.0017274181807258057
            },
            "CAAR": {
                "5": -0.002377880073218079,
                "15": -0.0015277821736501922,
                "30": -0.0021781182682133,
                "60": -0.0012455684806064375
            },
            "t_stat": {
                "5": -1.2047140677111974,
                "15": 1.6292727834146685,
                "30": -0.8963602224651056,
                "60": 1.0797035691902175
            },
            "p_value": {
                "5": 0.35152929418688705,
                "15": 0.20174439260364063,
                "30": 0.43611277338822463,
                "60": 0.35934003530959724
            }
        },
        "negative": {
            "count": {
                "5": 10.0,
                "15": 11.0,
                "30": 12.0,
                "60": 12.0
            },
            "AAR": {
                "5": -0.0009951248029125544,
                "15": -0.00030455180372014574,
                "30": -0.0004065263064732323,
                "60": 1.6524284368325623e-05
            },
            "AAR_std": {
                "5": 0.0028768456805999495,
                "15": 0.0016125737167751889,
                "30": 0.00184110390293765,
                "60": 0.00225712322806132
            },
            "CAAR": {
                "5": -0.0009951248029125544,
                "15": -0.0012996766066327,
                "30": -0.0017062029131059324,
                "60": -0.0016896786287376067
            },
            "t_stat": {
                "5": -1.0938580941448248,
                "15": -0.6263800852376812,
                "30": -0.764893514484935,
                "60": 0.025360511760130284
            },
            "p_value": {
                "5": 0.30242797070712935,
                "15": 0.5450978662517993,
                "30": 0.4604303409585948,
                "60": 0.9802216331764184
            }
        },
        "neutral": {
            "count": {
                "5": 14.0,
                "15": 16.0,
                "30": 16.0,
                "60": 16.0
            },
            "AAR": {
                "5": -0.0004280048684718523,
                "15": -0.00020360280085149202,
                "30": 0.0007797178528837884,
                "60": 5.5519153868879004e-05
            },
            "AAR_std": {
                "5": 0.0016479368966425476,
                "15": 0.0009002493568401172,
                "30": 0.0023087857572859495,
                "60": 0.0004948530461185827
            },
            "CAAR": {
                "5": -0.0004280048684718523,
                "15": -0.0006316076693233443,
                "30": 0.0001481101835604441,
                "60": 0.0002036293374293231
            },
            "t_stat": {
                "5": -0.9717893815932224,
                "15": -0.9046506917422948,
                "30": 1.3508708643462377,
                "60": 0.4487728573510677
            },
            "p_value": {
                "5": 0.34889055584826334,
                "15": 0.3799511371871558,
                "30": 0.1967636312840204,
                "60": 0.6600107528651971
            }
        }
    },
    "market_model_stats": {
        "positive": {
            "avg_r_squared": 0.06464181698365812,
            "avg_adj_r_squared": 0.06456185133579825,
            "avg_rmse": 0.0014425656435294522,
            "avg_mae": 0.0006609267436316705,
            "avg_data_points": 11699.0,
            "count": 4.0
        },
        "negative": {
            "avg_r_squared": 0.06089755347534506,
            "avg_adj_r_squared": 0.06081726772288499,
            "avg_rmse": 0.0014128463039791265,
            "avg_mae": 0.0006545787106149687,
            "avg_data_points": 11699.0,
            "count": 12.0
        },
        "neutral": {
            "avg_r_squared": 0.06279616829997649,
            "avg_adj_r_squared": 0.06271604486390737,
            "avg_rmse": 0.0014666623112887126,
            "avg_mae": 0.000675174221454329,
            "avg_data_points": 11699.0,
            "count": 17.0
        },
        "overall": {
            "avg_r_squared": 0.06232947790116283,
            "avg_adj_r_squared": 0.062249314566795104,
            "avg_rmse": 0.0014441720458719834,
            "avg_mae": 0.0006659579777766636,
            "avg_data_points": 11699.0,
            "count": 33.0
        }
    },
    "individual_event_caars_by_sentiment_window": {
        "positive": {
            "5": [
                0.0008900835838481507,
                -0.007097640069149595,
                -0.0009260837343527926
            ],
            "15": [
                -3.595417961931865e-05,
                0.0012929798158558548,
                0.002351603060755964,
                -0.00020823709872095324
            ],
            "30": [
                -0.0008546223911532474,
                -0.002942593761531208,
                0.000667767633383334,
                0.0005281041410486911
            ],
            "60": [
                -0.0007260381777034967,
                0.00381313729106549,
                0.0005866485332744701,
                5.645150379098531e-05
            ]
        },
        "negative": {
            "5": [
                0.0002259105017024134,
                0.0007144882060633393,
                0.0010523849459894681,
                -0.00013027591351623567,
                -9.287288374582537e-05,
                -0.000668363648138929,
                0.0004916119095823567,
                -0.008610956420480619,
                -0.0038988480937569505,
                0.0009656733671754357
            ],
            "15": [
                0.00017889143085960657,
                -0.0010027898765115673,
                -0.000912757916931697,
                -0.0008516152314014011,
                8.375139019230116e-05,
                -9.036165701933954e-05,
                0.00048770604585566694,
                -0.002942505740551789,
                -0.0014824932538723412,
                0.003920921527715174,
                -0.0007388165592562158
            ],
            "30": [
                0.0010072694133104526,
                0.000742346508820831,
                -0.0003829044124946984,
                -0.00024841407431351397,
                -8.756534228481519e-05,
                -0.0004964339095532467,
                0.00017808958983093275,
                6.69556745443062e-05,
                -0.004699530427824896,
                0.002492667426074661,
                -0.0035061063362199214,
                5.531021243112111e-05
            ],