market_session,count,total_return,avg_return,win_rate
Afternoon,7,-4.426238743028453,-0.6323198204326361,0.42857142857142855
Midday,4,-1.079002721176428,-0.269750680294107,0.25
