{
    "ticker": "MA",
    "market_index": "SPY",
    "unique_news_events": 81,
    "events_by_sentiment": {
        "positive": 27,
        "negative": 7,
        "neutral": 12
    },
    "event_windows": [
        5,
        15,
        30,
        60
    ],
    "estimation_window": 30,
    "min_data_points": 200,
    "aar_caar": {
        "positive": {
            "count": {
                "5": 27.0,
                "15": 27.0,
                "30": 27.0,
                "60": 27.0
            },
            "AAR": {
                "5": 0.00017801493326784229,
                "15": -0.00012805490133017337,
                "30": 1.6940206734481998e-05,
                "60": 9.820382888921924e-06
            },
            "AAR_std": {
                "5": 0.001012660089582506,
                "15": 0.0006954313805549182,
                "30": 0.0011173868965184087,
                "60": 0.0009071360142149105
            },
            "CAAR": {
                "5": 0.00017801493326784229,
                "15": 4.9960031937668916e-05,
                "30": 6.690023867215092e-05,
                "60": 7.672062156107284e-05
            },
            "t_stat": {
                "5": 0.913428638388434,
                "15": -0.9568058105967121,
                "30": 0.07877656032910142,
                "60": 0.056251990374719334
            },
            "p_value": {
                "5": 0.3694102715928129,
                "15": 0.3474781044173263,
                "30": 0.9378135213708523,
                "60": 0.9555711279681085
            }
        },
        "negative": {
            "count": {
                "5": 7.0,
                "15": 7.0,
                "30": 9.0,
                "60": 9.0
            },
            "AAR": {
                "5": 1.4943919704505193e-05,
                "15": 0.00045161119499355216,
                "30": 0.0006988918687164126,
                "60": 0.0007974514397765754
            },
            "AAR_std": {
                "5": 0.00057310906965775,
                "15": 0.0009051549726907899,
                "30": 0.0014611969605102992,
                "60": 0.0013604459868304503
            },
            "CAAR": {
                "5": 1.4943919704505193e-05,
                "15": 0.0004665551146980574,
                "30": 0.00116544698341447,
                "60": 0.0019628984231910454
            },
            "t_stat": {
                "5": 0.06898843037722274,
                "15": 1.3200512037111796,
                "30": 1.4349027973730577,
                "60": 1.7585073883773974
            },
            "p_value": {
                "5": 0.9472405521486293,
                "15": 0.23494166941681716,
                "30": 0.18923016928820013,
                "60": 0.11671176418515161
            }
        },
        "neutral": {
            "count": {
                "5": 12.0,
                "15": 12.0,
                "30": 12.0,
                "60": 12.0
            },
            "AAR": {
                "5": -3.787690908410066e-05,
                "15": -8.361692694650314e-05,
                "30": -0.00020916291849734786,
                "60": -0.00013679369617631055
            },
            "AAR_std": {
                "5": 0.000491933844925133,
                "15": 0.0008297948334736765,
                "30": 0.000782035675745277,
                "60": 0.000791196061182798
            },
            "CAAR": {
                "5": -3.787690908410066e-05,
                "15": -0.00012149383603060379,
                "30": -0.00033065675452795165,
                "60": -0.0004674504507042622
            },
            "t_stat": {
                "5": -0.2667217620585297,
                "15": -0.34907126436986413,
                "30": -0.9265070971386117,
                "60": -0.598925205917498
            },
            "p_value": {
                "5": 0.794617278307505,
                "15": 0.7336261702172671,
                "30": 0.37406366017027914,
                "60": 0.5613543304105715
            }
        }
    },
    "market_model_stats": {
        "positive": {
            "avg_r_squared": 0.34843354693295187,
            "avg_adj_r_squared": 0.3483777807504516,
            "avg_rmse": 0.000940054729315029,
            "avg_mae": 0.0004850872484568552,
            "avg_data_points": 11690.129032258064,
            "count": 31.0
        },
        "negative": {
            "avg_r_squared": 0.22860684917472432,
            "avg_adj_r_squared": 0.22854090122646192,
            "avg_rmse": 0.000766422422865719,
            "avg_mae": 0.0003823804760873857,
            "avg_data_points": 11699.0,
            "count": 11.0
        },
        "neutral": {
            "avg_r_squared": 0.3453156704959662,
            "avg_adj_r_squared": 0.3452597002190144,
            "avg_rmse": 0.0009651397998917231,
            "avg_mae": 0.000490144148585471,
            "avg_data_points": 11699.0,
            "count": 16.0
        },
        "overall": {
            "avg_r_squared": 0.32484769006515407,
            "avg_adj_r_squared": 0.32478993655619504,
            "avg_rmse": 0.0009140444837682135,
            "avg_mae": 0.00046700338476709125,
            "avg_data_points": 11694.258620689656,
            "count": 58.0
        }
    },
    "individual_event_caars_by_sentiment_window": {
        "positive": {
            "5": [
                -0.00023247736463340564,
                0.00011849514384303359,
                6.628154898089588e-05,
                0.00012832749893315756,
                0.00044669909477015597,
                -0.0005432270513061929,
                0.00012238932297787446,
                -0.0005138898659199689,
                4.651365200292645e-05,
                0.0033064651728419723,
                -0.0009000642643043431,
                0.0035098590244932062,
                0.00033913845436025873,
                -0.00019080241314656628,
                0.0002767722965779717,
                -0.0003466540800040823,
                0.00016602341517060236,
                2.8307170111951772e-05,
                -0.0004940682454494807,
                -0.00022944609752936068,
                0.0005762133718622961,
                -7.413350805314421e-05,
                -0.000591518062490631,
                0.0010431780634926188,
                -0.0008945434990854931,
                0.00021103238691120476,
                -0.0005684679671757156
            ],
            "15": [
                -0.0002094673901726894,
                0.00024408879299561538,
                0.0002114737096531664,
                0.00017111883044415298,
                0.0009956906923794002,
                1.2049128103103787e-05,
                -3.788879795745643e-05,
                0.00028313566414220223,
                -0.00043056308026474506,
                3.832681474305815e-05,
                -0.0007483202371250094,
                -0.002355225173779941,
                -0.00016298928184849896,
                -3.338078469278775e-05,
                0.0012698387474534129,
                -0.00095829222280528,
                0.000302077659638218,
                0.00011630574308882933,
                -0.0007108074262861359,
                -7.769177235191047e-05,
                0.0006549740630370696,
                -9.386126870239406e-05,
                -0.00045369355076092734,
                0.0005416432318025161,
                -0.0012079060740204145,
                -0.0002496503854515205,
                -0.0005684679671757156
            ],