market_session,count,total_return,avg_return,win_rate
Afternoon,6,-0.47049860319821357,-0.07841643386636893,0.3333333333333333
