{
    "ticker": "REGN",
    "market_index": "SPY",
    "unique_news_events": 56,
    "events_by_sentiment": {
        "positive": 8,
        "negative": 9,
        "neutral": 12
    },
    "event_windows": [
        5,
        15,
        30,
        60
    ],
    "estimation_window": 30,
    "min_data_points": 200,
    "aar_caar": {
        "positive": {
            "count": {
                "5": 8.0,
                "15": 9.0,
                "30": 10.0,
                "60": 11.0
            },
            "AAR": {
                "5": 0.00017375705503921786,
                "15": -0.0009226701904650442,
                "30": 0.00039040468750395265,
                "60": -0.0011082310126815176
            },
            "AAR_std": {
                "5": 0.0006906631790579059,
                "15": 0.003642459547319793,
                "30": 0.0010961674044653185,
                "60": 0.004733339110470762
            },
            "CAAR": {
                "5": 0.00017375705503921786,
                "15": -0.0007489131354258264,
                "30": -0.00035850844792187375,
                "60": -0.0014667394606033913
            },
            "t_stat": {
                "5": 0.7115757470367999,
                "15": -0.7599289807986749,
                "30": 1.126258650539747,
                "60": -0.7765314008390641
            },
            "p_value": {
                "5": 0.4997472504327285,
                "15": 0.46909733848878554,
                "30": 0.28918996115017515,
                "60": 0.45541015485921155
            }
        },
        "negative": {
            "count": {
                "5": 9.0,
                "15": 11.0,
                "30": 12.0,
                "60": 13.0
            },
            "AAR": {
                "5": -0.0001114454848017539,
                "15": -0.004962407625639733,
                "30": 0.0003460444912602967,
                "60": 0.0003720277821530333
            },
            "AAR_std": {
                "5": 0.0014846518960138562,
                "15": 0.017252107801368877,
                "30": 0.0013407965655429833,
                "60": 0.003611159919000287
            },
            "CAAR": {
                "5": -0.0001114454848017539,
                "15": -0.005073853110441487,
                "30": -0.004727808619181191,
                "60": -0.004355780837028158
            },
            "t_stat": {
                "5": -0.2251951823204632,
                "15": -0.9539961343007324,
                "30": 0.8940456083275128,
                "60": 0.37144997024148735
            },
            "p_value": {
                "5": 0.8274734146880824,
                "15": 0.36257693438356675,
                "30": 0.3904396146970206,
                "60": 0.7167779067982873
            }
        },
        "neutral": {
            "count": {
                "5": 12.0,
                "15": 13.0,
                "30": 15.0,
                "60": 15.0
            },
            "AAR": {
                "5": -0.0006147273402079952,
                "15": 0.00010155551168797441,
                "30": 0.0013421017529805892,
                "60": 0.0007566930350389943
            },
            "AAR_std": {
                "5": 0.0013815693458942722,
                "15": 0.0011571641616290383,
                "30": 0.0030885771630888787,
                "60": 0.0031631242269012107
            },
            "CAAR": {
                "5": -0.0006147273402079952,
                "15": -0.0005131718285200208,
                "30": 0.0008289299244605684,
                "60": 0.0015856229594995628
            },
            "t_stat": {
                "5": -1.5413471487422645,
                "15": 0.3164318571545584,
                "30": 1.6829554399123892,
                "60": 0.9265078803965354
            },
            "p_value": {
                "5": 0.15149258510413444,
                "15": 0.7571114446978793,
                "30": 0.11454165838286112,
                "60": 0.3698792136254041
            }
        }
    },
    "market_model_stats": {
        "positive": {
            "avg_r_squared": 0.07384805947811067,
            "avg_adj_r_squared": 0.07375810096633861,
            "avg_rmse": 0.0019322267964673513,
            "avg_mae": 0.0010605589793316176,
            "avg_data_points": 10311.181818181818,
            "count": 11.0
        },
        "negative": {
            "avg_r_squared": 0.05301074635697661,
            "avg_adj_r_squared": 0.052918324202363906,
            "avg_rmse": 0.0019203766977469046,
            "avg_mae": 0.0009966853123215811,
            "avg_data_points": 10251.785714285714,
            "count": 14.0
        },
        "neutral": {
            "avg_r_squared": 0.0606949179578442,
            "avg_adj_r_squared": 0.060603179868839355,
            "avg_rmse": 0.0019800967233003976,
            "avg_mae": 0.0010558530784898562,
            "avg_data_points": 10256.066666666668,
            "count": 15.0
        },
        "overall": {
            "avg_r_squared": 0.061622571815613814,
            "avg_adj_r_squared": 0.061531083687385246,
            "avg_rmse": 0.0019460304844775872,
            "avg_mae": 0.0010364384830624444,
            "avg_data_points": 10269.725,
            "count": 40.0
        }
    },
    "individual_event_caars_by_sentiment_window": {
        "positive": {
            "5": [
                0.00040013895988997715,
                0.00041226894251436937,
                -5.4619540230060556e-05,
                -0.0004884449697355378,
                0.0008833820466057194,
                0.00017987735276919466,
                0.0011845054178119747,
                -0.0011270517693118941
            ],
            "15": [
                0.001327633066801233,
                0.0004180549620642045,
                0.000753098803687865,
                -0.00043459168465493665,
                0.0003044401906953041,
                -0.0005374807897552421,
                -0.0004393289974953239,
                0.0013487106096957157,
                -0.011044567875224218
            ],
            "30": [
                0.00010198554777888938,
                -0.00012612577484646893,
                0.0006078967475948012,
                0.0006093685575831437,
                0.0002775686023579055,
                0.0008349476915823958,
                -0.0005446172110036053,
                -0.0006059660170716918,
                -0.0005692592852438645,
                0.003318248016308021
            ],
            "60": [
                0.0010443600778140593,
                6.122981681646282e-05,
                0.001433020352720081,
                -0.0008498402118552648,
                -0.00013053872039700152,
                -0.015650584109145244,
                0.0009366205081599945,
                0.0027982712856910123,
                -0.0015128509631523739,
                4.4602992360135097e-05,
                -0.0003648321685085558
            ]
        },
        "negative": {
            "5": [
                0.00047622251182569,
                -0.00011018285855004286,
                0.00014862110788260054,
                -0.0034472061700608395,
                0.002683310231563974,
                -0.0004932024950000672,
                -0.0005599380469575657,
                0.00010777759259377145,
                0.00019158876348669425
            ],
            "15": [
                -0.0029950872790229515,
                -0.0002716315298743434,
                0.0006459217994394065,
                -0.0005726828458489522,
                0.005963486478746283,
                0.001107333986895302,
                0.000559311241600438,
                0.00035921508848326837,
                -0.0590897992024997,
                -0.0019069495661508766,
                0.0016143979461950534
            ],