{
    "ticker": "TMO",
    "market_index": "SPY",
    "unique_news_events": 19,
    "events_by_sentiment": {
        "positive": 2,
        "negative": 1,
        "neutral": 6
    },
    "event_windows": [
        5,
        15,
        30,
        60
    ],
    "estimation_window": 30,
    "min_data_points": 200,
    "aar_caar": {
        "positive": {
            "count": {
                "5": 2.0,
                "15": 4.0,
                "30": 5.0,
                "60": 5.0
            },
            "AAR": {
                "5": -0.00074706206841218,
                "15": -0.006579179576257986,
                "30": -0.002209138947083235,
                "60": -0.00025876800610395094
            },
            "AAR_std": {
                "5": 0.00044352469930356486,
                "15": 0.008294749503219678,
                "30": 0.0045930776632796474,
                "60": 0.0017426468378248237
            },
            "CAAR": {
                "5": -0.00074706206841218,
                "15": -0.007326241644670166,
                "30": -0.009535380591753401,
                "60": -0.009794148597857351
            },
            "t_stat": {
                "5": -2.3820664570472783,
                "15": -1.5863479840359787,
                "30": -1.0754847227845945,
                "60": -0.33203678421311883
            },
            "p_value": {
                "5": 0.25303153347774465,
                "15": 0.21084955967094587,
                "30": 0.34270337933353234,
                "60": 0.756531399517133
            }
        },
        "negative": {
            "count": {
                "5": 1.0,
                "15": 1.0,
                "30": 1.0,
                "60": 1.0
            },
            "AAR": {
                "5": 0.0007121091022335739,
                "15": 0.0007203611856449934,
                "30": -3.703933384478902e-05,
                "60": -9.788755702632674e-05
            },
            "AAR_std": {
                "5": 0.0,
                "15": 0.0,
                "30": 0.0,
                "60": 0.0
            },
            "CAAR": {
                "5": 0.0007121091022335739,
                "15": 0.0014324702878785673,
                "30": 0.0013954309540337782,
                "60": 0.0012975433970074514
            },
            "t_stat": {
                "5": 0.0,
                "15": 0.0,
                "30": 0.0,
                "60": 0.0
            },
            "p_value": {
                "5": 1.0,
                "15": 1.0,
                "30": 1.0,
                "60": 1.0
            }
        },
        "neutral": {
            "count": {
                "5": 6.0,
                "15": 7.0,
                "30": 7.0,
                "60": 7.0
            },
            "AAR": {
                "5": -0.0003052174756655613,
                "15": -0.000958784963490343,
                "30": -0.0006410333799928763,
                "60": -0.00019595304160355248
            },
            "AAR_std": {
                "5": 0.0014854380348416469,
                "15": 0.0009943810764083778,
                "30": 0.001277942680235138,
                "60": 0.0014112004155245697
            },
            "CAAR": {
                "5": -0.0003052174756655613,
                "15": -0.0012640024391559043,
                "30": -0.0019050358191487807,
                "60": -0.0021009888607523334
            },
            "t_stat": {
                "5": -0.5033041153013604,
                "15": -2.5510406768257954,
                "30": -1.327144739574905,
                "60": -0.3673773129785951
            },
            "p_value": {
                "5": 0.6361339588322128,
                "15": 0.04342966683473515,
                "30": 0.23272659763970394,
                "60": 0.7259476629118158
            }
        }
    },
    "market_model_stats": {
        "positive": {
            "avg_r_squared": 0.21916924755512937,
            "avg_adj_r_squared": 0.21910249276736798,
            "avg_rmse": 0.00156072575003524,
            "avg_mae": 0.0007291709845891411,
            "avg_data_points": 11699.0,
            "count": 5.0
        },
        "negative": {
            "avg_r_squared": 0.15467923254944277,
            "avg_adj_r_squared": 0.1546069643808995,
            "avg_rmse": 0.0008529531595913311,
            "avg_mae": 0.0005193277917126206,
            "avg_data_points": 11699.0,
            "count": 2.0
        },
        "neutral": {
            "avg_r_squared": 0.15476886972621756,
            "avg_adj_r_squared": 0.1546966092209364,
            "avg_rmse": 0.0012406633014419043,
            "avg_mae": 0.0006333592474289957,
            "avg_data_points": 11699.0,
            "count": 7.0
        },
        "overall": {
            "avg_r_squared": 0.17775619935414683,
            "avg_adj_r_squared": 0.17768590408179952,
            "avg_rmse": 0.0012995841556751565,
            "avg_mae": 0.0006512875170267084,
            "avg_data_points": 11699.0,
            "count": 14.0
        }
    },
    "individual_event_caars_by_sentiment_window": {
        "positive": {
            "5": [
                -0.0003035373691086152,
                -0.001190586767715745
            ],
            "15": [
                -0.0008002253137824769,
                -0.011377654565218996,
                -0.017517125489856303,
                0.00337828706382583
            ],
            "30": [
                5.62094636710728e-05,
                0.00012665168208553424,
                -0.0003577946109360379,
                -0.011378836873240955,
                0.0005080756030042103
            ],
            "60": [
                -0.0009134158526508862,
                0.002657684048955449,
                -1.0939254353013906e-05,
                -0.002746322440271484,
                -0.0002808465321998198
            ]
        },
        "negative": {
            "5": [
                0.0007121091022335739
            ],
            "15": [
                0.0007203611856449934
            ],
            "30": [
                -3.703933384478902e-05
            ],
            "60": [
                -9.788755702632674e-05
            ]
        },
        "neutral": {
            "5": [
                -0.0033475352745549803,
                0.0015940534295486902,
                2.6261027698674322e-05,
                -0.0001640752439997796,
                0.00013414603918784126,
                -7.415483187381373e-05
            ],
            "15": [
                -0.0003388101757269109,
                -0.0033475352745549803,
                -0.0009435240110965093,
                -0.0003103096744729904,
                -0.0006360237083039948,
                -0.000558930755229471,
                -0.0005763611450475445
            ],
            "30": [
                0.0011058528505557227,
                -0.0033475352745549803,
                -0.0011867930480164587,
                3.680122912315051e-05,
                -0.00034987797899099896,
                -0.000558930755229471,
                -0.00018675068283709783
            ],
            "60": [
                0.0009269180846854736,
                -0.0033475352745549803,
                -0.0002462841443013607,
                0.00124134735204343,
                0.0001610674239330073,
                -0.000558930755229471,
                0.0004517460221990335
            ]
        }
    }
}