{
    "ticker": "COF",
    "market_index": "SPY",
    "unique_news_events": 87,
    "events_by_sentiment": {
        "positive": 19,
        "negative": 9,
        "neutral": 8
    },
    "event_windows": [
        5,
        15,
        30,
        60
    ],
    "estimation_window": 30,
    "min_data_points": 200,
    "aar_caar": {
        "positive": {
            "count": {
                "5": 19.0,
                "15": 20.0,
                "30": 21.0,
                "60": 23.0
            },
            "AAR": {
                "5": -0.0008440595329258262,
                "15": 0.0001992548027577401,
                "30": -0.0004780735629157244,
                "60": 0.0002047405709612454
            },
            "AAR_std": {
                "5": 0.002519303112511576,
                "15": 0.0025967140138559277,
                "30": 0.0033574613084442827,
                "60": 0.0017274402277901396
            },
            "CAAR": {
                "5": -0.0008440595329258262,
                "15": -0.0006448047301680861,
                "30": -0.0011228782930838106,
                "60": -0.0009181377221225652
            },
            "t_stat": {
                "5": -1.460392037815542,
                "15": 0.343162382482016,
                "30": -0.6525192961445253,
                "60": 0.5684140432303705
            },
            "p_value": {
                "5": 0.16141743232296912,
                "15": 0.7352440925249359,
                "30": 0.5214963341212475,
                "60": 0.5755105913773684
            }
        },
        "negative": {
            "count": {
                "5": 9.0,
                "15": 9.0,
                "30": 12.0,
                "60": 12.0
            },
            "AAR": {
                "5": -0.00010246216715699077,
                "15": 0.000570267348716022,
                "30": 4.918363714589862e-05,
                "60": -0.00022584039649759218
            },
            "AAR_std": {
                "5": 0.0015119528000155757,
                "15": 0.0011101100398031353,
                "30": 0.0008472897181034431,
                "60": 0.0006735349351454032
            },
            "CAAR": {
                "5": -0.00010246216715699077,
                "15": 0.0004678051815590313,
                "30": 0.0005169888187049299,
                "60": 0.00029114842220733775
            },
            "t_stat": {
                "5": -0.2033042972424838,
                "15": 1.5411103267307236,
                "30": 0.20108483938271493,
                "60": -1.1615345269384862
            },
            "p_value": {
                "5": 0.843973100914414,
                "15": 0.16185861262329349,
                "30": 0.8443021829916457,
                "60": 0.27000891346441236
            }
        },
        "neutral": {
            "count": {
                "5": 8.0,
                "15": 10.0,
                "30": 12.0,
                "60": 16.0
            },
            "AAR": {
                "5": -0.0011746780302518576,
                "15": -0.0018683649426579452,
                "30": 0.000577432307598921,
                "60": 0.0016579369950547838
            },
            "AAR_std": {
                "5": 0.0028582933853703793,
                "15": 0.004040107821593173,
                "30": 0.0035515600234377206,
                "60": 0.002795851572407586
            },
            "CAAR": {
                "5": -0.0011746780302518576,
                "15": -0.0030430429729098028,
                "30": -0.002465610665310882,
                "60": -0.0008076736702560981
            },
            "t_stat": {
                "5": -1.162403838812806,
                "15": -1.4624086732613797,
                "30": 0.5632128349755369,
                "60": 2.371995725977811
            },
            "p_value": {
                "5": 0.2831646145040261,
                "15": 0.1776525929410826,
                "30": 0.5845874481785573,
                "60": 0.03150033378217243
            }
        }
    },
    "market_model_stats": {
        "positive": {
            "avg_r_squared": 0.25000079815704446,
            "avg_adj_r_squared": 0.24993667922040744,
            "avg_rmse": 0.0017280557950268248,
            "avg_mae": 0.0008319858252419515,
            "avg_data_points": 11699.0,
            "count": 24.0
        },
        "negative": {
            "avg_r_squared": 0.24550697394393006,
            "avg_adj_r_squared": 0.24544247082124432,
            "avg_rmse": 0.001489001121406659,
            "avg_mae": 0.0007327767954699363,
            "avg_data_points": 11699.0,
            "count": 13.0
        },
        "neutral": {
            "avg_r_squared": 0.2636376642509136,
            "avg_adj_r_squared": 0.26357471115732134,
            "avg_rmse": 0.0016419529814459637,
            "avg_mae": 0.0007858724792227459,
            "avg_data_points": 11699.0,
            "count": 20.0
        },
        "overall": {
            "avg_r_squared": 0.25376075617646376,
            "avg_adj_r_squared": 0.25369695868618214,
            "avg_rmse": 0.001643323040137713,
            "avg_mae": 0.0007931790830065075,
            "avg_data_points": 11699.0,
            "count": 57.0
        }
    },
    "individual_event_caars_by_sentiment_window": {
        "positive": {
            "5": [
                0.0004257544815534913,
                -0.006777209445313935,
                -0.0009989521439208657,
                -0.0005704251245264324,
                -5.466554289932929e-06,
                0.0011510618743819838,
                -0.00019826063932268286,
                -0.007447602691633321,
                0.00047762289084605277,
                -1.2388337644176734e-05,
                0.0008210770273381184,
                -0.0006166672960287684,
                0.0006577957343531424,
                -0.0016798864304873177,
                -0.00442319607371371,
                0.0008047140282833075,
                0.0022572157470548233,
                -2.7048892357530428e-05,
                0.00012473071983705507
            ],
            "15": [
                2.535781207201114e-05,
                -0.003981037851268366,
                -0.00042047712390106393,
                -0.0010687518389582247,
                0.00297537972822107,
                -0.0029214738926770325,
                0.00032984264680505315,
                -0.0009941281156113943,
                -0.00026246057500030643,
                -1.2388337644176734e-05,
                0.00036916002361727073,
                0.0024083189188704,
                0.002377365012154009,
                -0.0010363257752678688,
                -0.0006716964016749439,
                5.1337011841880625e-05,
                -0.00023416126317908528,
                4.819410479072892e-05,
                0.009079862455091101,
                -0.0020768204831262587
            ],
            "30": [
                -0.00028928211226889126,
                0.001598977375104968,
                -0.006777209445313935,
                8.559340800555205e-05,
                -0.0008280048469422031,
                0.0031459537231054656,
                -0.00022646083259531504,
                0.0008740643746105118,
                0.0020766218025873896,
                -0.0006955325559541591,
                -0.004833169897926898,
                0.0005971452309334094,
                0.0008331906049573051,
                0.0013503004675283386,
                0.00190919620321934,
                0.0027425504843652682,
                0.00042906666230400426,
                -0.011793606433755372,
                -9.047817420669807e-05,
                -0.00024466116810454436,
                9.620030911624872e-05
            ],