{
    "ticker": "MRNA",
    "market_index": "SPY",
    "unique_news_events": 63,
    "events_by_sentiment": {
        "positive": 8,
        "negative": 26,
        "neutral": 15
    },
    "event_windows": [
        5,
        15,
        30,
        60
    ],
    "estimation_window": 30,
    "min_data_points": 200,
    "aar_caar": {
        "positive": {
            "count": {
                "5": 8.0,
                "15": 8.0,
                "30": 8.0,
                "60": 8.0
            },
            "AAR": {
                "5": 0.00025657994727509425,
                "15": -0.0001687277263148772,
                "30": -0.0012158644485564824,
                "60": -0.0006951467533786714
            },
            "AAR_std": {
                "5": 0.001292742125404841,
                "15": 0.002234121514716716,
                "30": 0.0022163861356145806,
                "60": 0.002430368176030381
            },
            "CAAR": {
                "5": 0.00025657994727509425,
                "15": 8.785222096021705e-05,
                "30": -0.0011280122275962655,
                "60": -0.0018231589809749368
            },
            "t_stat": {
                "5": 0.5613785365828896,
                "15": -0.21361151336759898,
                "30": -1.5516177127493758,
                "60": -0.809001678151873
            },
            "p_value": {
                "5": 0.5920491809260007,
                "15": 0.8369384764902454,
                "30": 0.16469291870453784,
                "60": 0.4451365910002725
            }
        },
        "negative": {
            "count": {
                "5": 26.0,
                "15": 28.0,
                "30": 29.0,
                "60": 29.0
            },
            "AAR": {
                "5": 0.0028622559093101855,
                "15": 9.745481214108132e-05,
                "30": -0.0005063803888133664,
                "60": 0.0001454608473145536
            },
            "AAR_std": {
                "5": 0.0062373762179338725,
                "15": 0.004299223247277385,
                "30": 0.004389609450191278,
                "60": 0.001294972015147785
            },
            "CAAR": {
                "5": 0.0028622559093101855,
                "15": 0.0029597107214512667,
                "30": 0.0024533303326379004,
                "60": 0.002598791179952454
            },
            "t_stat": {
                "5": 2.3398778948920578,
                "15": 0.11994780552747762,
                "30": -0.62122653047004,
                "60": 0.6049015937112001
            },
            "p_value": {
                "5": 0.027575387302592347,
                "15": 0.905412593820607,
                "30": 0.5394755769671356,
                "60": 0.5501156620691054
            }
        },
        "neutral": {
            "count": {
                "5": 15.0,
                "15": 16.0,
                "30": 17.0,
                "60": 17.0
            },
            "AAR": {
                "5": 0.0003205137582958729,
                "15": 0.0002584054803922094,
                "30": 0.00020033403123773534,
                "60": -4.433365552432633e-05
            },
            "AAR_std": {
                "5": 0.0015843963896256042,
                "15": 0.0008897891880662957,
                "30": 0.001920838849595565,
                "60": 0.0011652354297469391
            },
            "CAAR": {
                "5": 0.0003205137582958729,
                "15": 0.0005789192386880823,
                "30": 0.0007792532699258176,
                "60": 0.0007349196144014913
            },
            "t_stat": {
                "5": 0.7834809876104282,
                "15": 1.1616481020803606,
                "30": 0.4300196090749027,
                "60": -0.1568715985028394
            },
            "p_value": {
                "5": 0.44639746667717817,
                "15": 0.26353015451500483,
                "30": 0.6729170334386114,
                "60": 0.8773084848291908
            }
        }
    },
    "market_model_stats": {
        "positive": {
            "avg_r_squared": 0.02147719711516824,
            "avg_adj_r_squared": 0.021393541237346117,
            "avg_rmse": 0.002647215033305145,
            "avg_mae": 0.0014835000236956232,
            "avg_data_points": 11699.0,
            "count": 8.0
        },
        "negative": {
            "avg_r_squared": 0.09684008473010419,
            "avg_adj_r_squared": 0.09676287177675973,
            "avg_rmse": 0.0025085243889695105,
            "avg_mae": 0.0013933090725910967,
            "avg_data_points": 11699.0,
            "count": 29.0
        },
        "neutral": {
            "avg_r_squared": 0.056323482495024155,
            "avg_adj_r_squared": 0.05624280569605814,
            "avg_rmse": 0.0024690862734456365,
            "avg_mae": 0.0013784580158338754,
            "avg_data_points": 11699.0,
            "count": 17.0
        },
        "overall": {
            "avg_r_squared": 0.07291998586129221,
            "avg_adj_r_squared": 0.0728407279306998,
            "avg_rmse": 0.0025166554480580143,
            "avg_mae": 0.0014019953622941238,
            "avg_data_points": 11699.0,
            "count": 54.0
        }
    },
    "individual_event_caars_by_sentiment_window": {
        "positive": {
            "5": [
                -0.001303867629360254,
                -0.00019859850925384002,
                -0.00053677328812978,
                -0.0009468250482754532,
                0.0012219544791418008,
                0.001179473568246953,
                -0.00019959540580345492,
                0.002836871411634782
            ],
            "15": [
                8.812298786874952e-05,
                -0.005629575287157606,
                -0.0008268480664299993,
                0.0014272792889153715,
                0.0017321126107190917,
                0.00038952311441734617,
                -0.00013288912996211946,
                0.0016024526711101478
            ],
            "30": [
                -0.0002398249672150108,
                -0.003364635768155408,
                -0.003470457243310236,
                0.002265220528396552,
                -0.00026226487200018507,
                0.0004379477202782159,
                -0.00038513582496559653,
                -0.00470776516148019
            ],
            "60": [
                -0.0014908960230955435,
                -0.003364635768155408,
                0.0012462004232590262,
                0.0028855683339205447,
                0.0016596439361583812,
                -0.004666150109628596,
                -0.0017793973906999546,
                -5.150742878782132e-05
            ]
        },
        "negative": {
            "5": [
                0.002051106932810468,
                0.00019291183744274632,
                -0.0005221093530485116,
                -6.210928231274722e-06,
                0.0005153324607762727,
                -0.0004909053148710895,
                -0.00022802188430713624,
                -0.00023977522015957196,
                0.017356781977018027,
                -0.0008095156950084458,
                0.02473095057006,
                -0.001886692957538595,
                -0.0002908499369207404,
                0.0001905905896368035,
                0.009498320395607829,
                0.003900864254866858,
                0.00012295176647007257,
                0.011851801326565162,
                0.0004998722647642632,
                -0.00010973739449210819,
                -4.385816641979175e-05,
                0.002295268696425797,
                -0.00023609178015943278,
                0.007078516469492938,
                -0.00030927205699569514,
                -0.0006935752117200253
            ],