market_session,count,total_return,avg_return,win_rate
Midday,1,1.3790152963671047,1.3790152963671047,1.0
Afternoon,1,3.7232590322740102,3.7232590322740102,1.0
