{
  "strategy_name": "MA",
  "backtest_summary": {
    "total_trades": 11,
    "profitable_trades": 4,
    "losing_trades": 7,
    "win_rate": 0.36363636363636365
  },
  "bootstrap_results": {
    "overall": {
      "p_value": 0.0002,
      "mean_return": -0.44683797761340044,
      "confidence_interval": [
        -0.7188963888693759,
        -0.17620861955110273
      ],
      "significant": true
    },
    "trade": {
      "p_value": 0.0378,
      "mean_return": -0.24719321511698553,
      "confidence_interval": [
        -0.5228949506273751,
        0.02792397909258073
      ],
      "significant": true
    }
  }
}