{
    "ticker": "COST",
    "market_index": "SPY",
    "unique_news_events": 118,
    "events_by_sentiment": {
        "positive": 23,
        "negative": 15,
        "neutral": 31
    },
    "event_windows": [
        5,
        15,
        30,
        60
    ],
    "estimation_window": 30,
    "min_data_points": 200,
    "aar_caar": {
        "positive": {
            "count": {
                "5": 23.0,
                "15": 26.0,
                "30": 26.0,
                "60": 27.0
            },
            "AAR": {
                "5": 0.000110410827994356,
                "15": -0.00011267848348111503,
                "30": -0.0001989341073039236,
                "60": -0.00010287838151570034
            },
            "AAR_std": {
                "5": 0.0010232063244696944,
                "15": 0.0011664920605531104,
                "30": 0.001605837674574959,
                "60": 0.0013084345096210995
            },
            "CAAR": {
                "5": 0.000110410827994356,
                "15": -2.2676554867590254e-06,
                "30": -0.00020120176279068261,
                "60": -0.00030408014430638295
            },
            "t_stat": {
                "5": 0.5175024007839527,
                "15": -0.49254496062306335,
                "30": -0.6316758605942879,
                "60": -0.4085582789403395
            },
            "p_value": {
                "5": 0.6099701845644372,
                "15": 0.6266322033050069,
                "30": 0.5333327808173745,
                "60": 0.6862093990623235
            }
        },
        "negative": {
            "count": {
                "5": 15.0,
                "15": 18.0,
                "30": 20.0,
                "60": 20.0
            },
            "AAR": {
                "5": -1.1592972184059989e-05,
                "15": -0.00043728353281545756,
                "30": 0.00018308731503498583,
                "60": 0.0002735816541187364
            },
            "AAR_std": {
                "5": 0.0010258824425222707,
                "15": 0.0026093298795589184,
                "30": 0.0010667527588572108,
                "60": 0.0008512758352340848
            },
            "CAAR": {
                "5": -1.1592972184059989e-05,
                "15": -0.00044887650499951753,
                "30": -0.00026578918996453173,
                "60": 7.792464154204664e-06
            },
            "t_stat": {
                "5": -0.04376660165030113,
                "15": -0.7110012891293495,
                "30": 0.7675549537359048,
                "60": 1.437247835980475
            },
            "p_value": {
                "5": 0.9657085651829289,
                "15": 0.48672499449667006,
                "30": 0.45218548987158647,
                "60": 0.166912715554014
            }
        },
        "neutral": {
            "count": {
                "5": 31.0,
                "15": 32.0,
                "30": 34.0,
                "60": 35.0
            },
            "AAR": {
                "5": 0.00019600391207056286,
                "15": -0.000166888479637273,
                "30": -0.00030366477610995347,
                "60": 0.00023295872763335468
            },
            "AAR_std": {
                "5": 0.000953829886000327,
                "15": 0.0007084439893099988,
                "30": 0.000845866914880363,
                "60": 0.0016061868530067567
            },
            "CAAR": {
                "5": 0.00019600391207056286,
                "15": 2.9115432433289855e-05,
                "30": -0.00027454934367666364,
                "60": -4.159061604330896e-05
            },
            "t_stat": {
                "5": 1.1441281224452793,
                "15": -1.3325877831879376,
                "30": -2.0933017600133272,
                "60": 0.8580585853185924
            },
            "p_value": {
                "5": 0.26161766249009855,
                "15": 0.1923799571149587,
                "30": 0.044087517763960804,
                "60": 0.39686876704321783
            }
        }
    },
    "market_model_stats": {
        "positive": {
            "avg_r_squared": 0.2097076633892917,
            "avg_adj_r_squared": 0.20963988989129437,
            "avg_rmse": 0.0008945286475864939,
            "avg_mae": 0.0005418549799747712,
            "avg_data_points": 11666.375,
            "count": 32.0
        },
        "negative": {
            "avg_r_squared": 0.19608804408913827,
            "avg_adj_r_squared": 0.19601931604298015,
            "avg_rmse": 0.0009212927163121138,
            "avg_mae": 0.0005506213275942626,
            "avg_data_points": 11699.0,
            "count": 22.0
        },
        "neutral": {
            "avg_r_squared": 0.1894028935501394,
            "avg_adj_r_squared": 0.18933343700919059,
            "avg_rmse": 0.0008791675052848976,
            "avg_mae": 0.0005355096185766299,
            "avg_data_points": 11674.051282051281,
            "count": 39.0
        },
        "overall": {
            "avg_r_squared": 0.19797091448251408,
            "avg_adj_r_squared": 0.19790220938521952,
            "avg_rmse": 0.0008944181633090896,
            "avg_mae": 0.0005412677816210218,
            "avg_data_points": 11677.31182795699,
            "count": 93.0
        }
    },
    "individual_event_caars_by_sentiment_window": {
        "positive": {
            "5": [
                0.0007559393089069739,
                -5.176874033458611e-05,
                -0.0005243360018836245,
                -2.4368277376775053e-05,
                -0.00041395439455333284,
                0.0005675968545041589,
                -0.0019545162775093275,
                0.0015003466767428628,
                -0.0009596393067897554,
                -0.000967669857747336,
                -8.943251323831016e-05,
                0.0003629555114897931,
                0.0005449065292169448,
                0.00029671503781903937,
                1.2594743841215505e-05,
                0.0010746822597922862,
                -0.0007208397513134843,
                0.00025041644231269596,
                0.0009891836807875412,
                0.0032050655082917386,
                -0.0012254093564285705,
                0.0001425549924839676,
                -0.00023157402514392732
            ],
            "15": [
                0.0014024701532273447,
                -3.7629032557567694e-05,
                -4.229197169186249e-05,
                -1.3186642715189631e-05,
                -0.0012944303493859276,
                0.0004884903545321397,
                0.000797747953683696,
                0.0004942529090903172,
                -4.219506275882148e-05,
                -0.00195435693061631,
                -0.0009750218144800202,
                9.653090312050716e-05,
                -0.0001540697108492254,
                -0.00012037856784697469,
                0.0005089504700283184,
                -0.0044482113423154395,
                0.0010757688634718478,
                0.0011606011833780912,
                -0.00011149926542477193,
                7.197517818510239e-05,
                0.00014638920227222818,
                0.00134409801544218,
                -0.0012737875410809953,
                -0.00017189343053587591,
                0.0002463265300628208,
                -0.0001242906247446025
            ],