{
  "strategy_name": "QCOM",
  "backtest_summary": {
    "total_trades": 19,
    "profitable_trades": 12,
    "losing_trades": 7,
    "win_rate": 0.631578947368421
  },
  "bootstrap_results": {
    "overall": {
      "p_value": 0.3861,
      "mean_return": 0.04124521693133145,
      "confidence_interval": [
        -0.2027235983073447,
        0.30808841887328353
      ],
      "significant": false
    },
    "trade": {
      "p_value": 0.027,
      "mean_return": 0.2412986879201121,
      "confidence_interval": [
        -0.0028136639902890982,
        0.5153432454008783
      ],
      "significant": true
    }
  }
}