{
    "ticker": "PNC",
    "market_index": "SPY",
    "unique_news_events": 14,
    "events_by_sentiment": {
        "positive": 2,
        "negative": 0,
        "neutral": 3
    },
    "event_windows": [
        5,
        15,
        30,
        60
    ],
    "estimation_window": 30,
    "min_data_points": 200,
    "aar_caar": {
        "positive": {
            "count": {
                "5": 2.0,
                "15": 3.0,
                "30": 3.0,
                "60": 3.0
            },
            "AAR": {
                "5": -0.000584130699759631,
                "15": 0.00033168200803283023,
                "30": 0.0012051976405151078,
                "60": 0.001393856522722692
            },
            "AAR_std": {
                "5": 0.00043389754417483197,
                "15": 0.0006815309603013004,
                "30": 0.002125132372025639,
                "60": 0.0019911111424709424
            },
            "CAAR": {
                "5": -0.000584130699759631,
                "15": -0.00025244869172680074,
                "30": 0.000952748948788307,
                "60": 0.002346605471510999
            },
            "t_stat": {
                "5": -1.9038723977329055,
                "15": 0.842940560785899,
                "30": 0.9822745980498919,
                "60": 1.2125040457666052
            },
            "p_value": {
                "5": 0.3078943208470828,
                "15": 0.4880019140857761,
                "30": 0.4295329434484838,
                "60": 0.34910929840616944
            }
        },
        "negative": {
            "count": {
                "5": 0.0,
                "15": 0.0,
                "30": 0.0,
                "60": 0.0
            },
            "AAR": {
                "5": 0.0,
                "15": 0.0,
                "30": 0.0,
                "60": 0.0
            },
            "AAR_std": {
                "5": 0.0,
                "15": 0.0,
                "30": 0.0,
                "60": 0.0
            },
            "CAAR": {
                "5": 0.0,
                "15": 0.0,
                "30": 0.0,
                "60": 0.0
            },
            "t_stat": {
                "5": 0.0,
                "15": 0.0,
                "30": 0.0,
                "60": 0.0
            },
            "p_value": {
                "5": 1.0,
                "15": 1.0,
                "30": 1.0,
                "60": 1.0
            }
        },
        "neutral": {
            "count": {
                "5": 3.0,
                "15": 3.0,
                "30": 3.0,
                "60": 3.0
            },
            "AAR": {
                "5": 6.686294553372948e-05,
                "15": -0.00038135513668819906,
                "30": 0.0001985068505996446,
                "60": -0.00020025706645970681
            },
            "AAR_std": {
                "5": 0.0006342687552868873,
                "15": 0.0001506736235176311,
                "30": 0.00040062023010688805,
                "60": 0.0005494060575060568
            },
            "CAAR": {
                "5": 6.686294553372948e-05,
                "15": -0.00031449219115446957,
                "30": -0.00011598534055482496,
                "60": -0.0003162424070145318
            },
            "t_stat": {
                "5": 0.18258824487696504,
                "15": -4.383822842052001,
                "30": 0.8582291283626252,
                "60": -0.6313279748996682
            },
            "p_value": {
                "5": 0.8719534222937864,
                "15": 0.048296276731920385,
                "30": 0.4811987875362058,
                "60": 0.5923585090099286
            }
        }
    },
    "market_model_stats": {
        "positive": {
            "avg_r_squared": 0.4941484603234709,
            "avg_adj_r_squared": 0.4941052140603541,
            "avg_rmse": 0.0012639211813888708,
            "avg_mae": 0.0006547134978898791,
            "avg_data_points": 11699.0,
            "count": 3.0
        },
        "negative": {
            "avg_r_squared": null,
            "avg_adj_r_squared": null,
            "avg_rmse": null,
            "avg_mae": null,
            "avg_data_points": null,
            "count": 0.0
        },
        "neutral": {
            "avg_r_squared": 0.43940957922004026,
            "avg_adj_r_squared": 0.43936165322014453,
            "avg_rmse": 0.0011169906307081986,
            "avg_mae": 0.0005567123521889981,
            "avg_data_points": 11699.0,
            "count": 3.0
        },
        "overall": {
            "avg_r_squared": 0.46677901977175557,
            "avg_adj_r_squared": 0.4667334336402493,
            "avg_rmse": 0.0011904559060485346,
            "avg_mae": 0.0006057129250394386,
            "avg_data_points": 11699.0,
            "count": 6.0
        }
    },
    "individual_event_caars_by_sentiment_window": {
        "positive": {
            "5": [
                -0.001018028243934463,
                -0.00015023315558479906
            ],
            "15": [
                0.0012955123352680886,
                -0.00015023315558479906,
                -0.00015023315558479906
            ],
            "30": [
                -0.00044009942711069523,
                0.004205925504240818,
                -0.00015023315558479906
            ],
            "60": [
                0.00011425938758142249,
                -0.00013861532365416423,
                0.004205925504240818
            ]
        },
        "negative": {
            "5": [],
            "15": [],
            "30": [],
            "60": []
        },
        "neutral": {
            "5": [
                0.00028443425101541334,
                -0.0007955421908810769,
                0.000711696776466852
            ],
            "15": [
                -0.00043654590670979166,
                -0.0005319991845036351,
                -0.00017552031885117037
            ],
            "30": [
                0.0005343267682002328,
                0.0004257722836994466,
                -0.0003645785001007456
            ],
            "60": [
                0.0005179693751820745,
                -0.0008160483111382342,
                -0.00030269226342296077
            ]
        }
    }
}