{
    "ticker": "KR",
    "market_index": "SPY",
    "unique_news_events": 55,
    "events_by_sentiment": {
        "positive": 9,
        "negative": 22,
        "neutral": 8
    },
    "event_windows": [
        5,
        15,
        30,
        60
    ],
    "estimation_window": 30,
    "min_data_points": 200,
    "aar_caar": {
        "positive": {
            "count": {
                "5": 9.0,
                "15": 9.0,
                "30": 10.0,
                "60": 10.0
            },
            "AAR": {
                "5": -0.00031334200950470056,
                "15": 0.0002875826761626807,
                "30": -0.0005838480594377952,
                "60": -0.0015163429004983236
            },
            "AAR_std": {
                "5": 0.0012150109997631478,
                "15": 0.001222613675536275,
                "30": 0.002361960092771279,
                "60": 0.0030190333463645386
            },
            "CAAR": {
                "5": -0.00031334200950470056,
                "15": -2.5759333342019876e-05,
                "30": -0.000609607392779815,
                "60": -0.0021259502932781385
            },
            "t_stat": {
                "5": -0.7736769697536473,
                "15": 0.705658742210302,
                "30": -0.7816769135699303,
                "60": -1.5882889419472415
            },
            "p_value": {
                "5": 0.4613699073862283,
                "15": 0.5004288734729347,
                "30": 0.45447574052533524,
                "60": 0.14668363575249388
            }
        },
        "negative": {
            "count": {
                "5": 22.0,
                "15": 23.0,
                "30": 23.0,
                "60": 24.0
            },
            "AAR": {
                "5": -0.0007232247525544021,
                "15": 0.00013917634334101515,
                "30": 0.00018655099698811447,
                "60": 0.0008885417853538396
            },
            "AAR_std": {
                "5": 0.0012424561631061404,
                "15": 0.0012601115569413042,
                "30": 0.0022674882728742894,
                "60": 0.003441018387482096
            },
            "CAAR": {
                "5": -0.0007232247525544021,
                "15": -0.0005840484092133869,
                "30": -0.00039749741222527244,
                "60": 0.0004910443731285673
            },
            "t_stat": {
                "5": -2.7302571132932414,
                "15": 0.5296882573749183,
                "30": 0.3945630779059894,
                "60": 1.2650173548483004
            },
            "p_value": {
                "5": 0.012538312930272966,
                "15": 0.6016332193418246,
                "30": 0.6969643958414871,
                "60": 0.21853237497456446
            }
        },
        "neutral": {
            "count": {
                "5": 8.0,
                "15": 8.0,
                "30": 8.0,
                "60": 9.0
            },
            "AAR": {
                "5": 1.758755368937734e-06,
                "15": -0.0018523472875574903,
                "30": -0.000431109027162697,
                "60": 0.000590285946989283
            },
            "AAR_std": {
                "5": 0.0005725948838012795,
                "15": 0.0028211915527917956,
                "30": 0.0016296966315323385,
                "60": 0.0013281774724172386
            },
            "CAAR": {
                "5": 1.758755368937734e-06,
                "15": -0.0018505885321885526,
                "30": -0.0022816975593512494,
                "60": -0.0016914116123619666
            },
            "t_stat": {
                "5": 0.008687663009267993,
                "15": -1.8570980433402327,
                "30": -0.748213159772809,
                "60": 1.3332991093012192
            },
            "p_value": {
                "5": 0.9933107441939055,
                "15": 0.10566063211290277,
                "30": 0.4787105699141847,
                "60": 0.2191490897286026
            }
        }
    },
    "market_model_stats": {
        "positive": {
            "avg_r_squared": 0.012276491239484733,
            "avg_adj_r_squared": 0.012192048774856112,
            "avg_rmse": 0.0010474418086203713,
            "avg_mae": 0.000529987112511886,
            "avg_data_points": 11699.0,
            "count": 10.0
        },
        "negative": {
            "avg_r_squared": 0.01561745641020436,
            "avg_adj_r_squared": 0.015532868973202283,
            "avg_rmse": 0.0010184615365621712,
            "avg_mae": 0.0005234296170011218,
            "avg_data_points": 11640.68,
            "count": 25.0
        },
        "neutral": {
            "avg_r_squared": 0.018862558747431358,
            "avg_adj_r_squared": 0.01877859756157916,
            "avg_rmse": 0.0011093631661605891,
            "avg_mae": 0.0005652616945857456,
            "avg_data_points": 11687.9,
            "count": 10.0
        },
        "overall": {
            "avg_r_squared": 0.01559615355831711,
            "avg_adj_r_squared": 0.015511737504320217,
            "avg_rmse": 0.001045101959152531,
            "avg_mae": 0.0005341828554667634,
            "avg_data_points": 11664.133333333333,
            "count": 45.0
        }
    },
    "individual_event_caars_by_sentiment_window": {
        "positive": {
            "5": [
                -0.0011052654335544925,
                0.0009479404177560587,
                0.00083214099765696,
                0.0001247512241552234,
                -0.00045738176116302365,
                -0.002324907456753443,
                -0.0008669826986580706,
                0.001592025988706959,
                -0.001562399363688477
            ],
            "15": [
                0.0011921365646380669,
                -0.0026589130089303354,
                0.00010643512285309417,
                0.0005556847316628711,
                0.00062882634868464,
                -0.0004459820700543719,
                0.00012042492287142557,
                0.0014972029469293563,
                0.0015924285268093797
            ],
            "30": [
                0.0010530036235039482,
                0.00011882073308020078,
                2.9543557721014186e-05,
                0.00026238860696148775,
                -0.0006892492848463345,
                -5.114754307253494e-05,
                0.0031041039908731444,
                -0.004892292432356398,
                -0.004893132100617198,
                0.00011948025437471913
            ],
            "60": [
                -0.0011738045329809025,
                -0.001560785915562917,
                -0.0019774518255169767,
                0.0005898096634885658,
                -0.0006892492848463345,
                -0.0024497076279193573,
                0.004281562503167913,
                -3.126580853324488e-06,
                -0.007971052264981297,
                -0.004209623138978607
            ]
        },
        "negative": {
            "5": [
                -0.00016271611193069706,
                0.0007893356933733671,
                -0.00028952343628053034,
                -0.0006395062177678476,
                -0.0014756548915398557,
                -3.20772170868618e-05,
                -1.992412897621335e-05,
                -0.004210239089628989,
                0.001592025988706959,
                -2.1803149540305975e-05,
                -0.000497874392273192,
                -0.0008326595506701302,
                -0.0012144334833701577,
                -1.6286369014016443e-06,
                0.0007603663647344254,
                -0.0010541574759872579,
                -0.0015450693405955056,
                -0.0024691505244445197,
                0.0005937503552971262,
                -0.001726764096163094,
                -0.0017266884362082833,
                -0.0017265527789438794
            ],