day_of_week,count,total_return,avg_return,win_rate
Friday,4,-3.3806394372120563,-0.8451598593030141,0.0
Tuesday,1,-1.008150851581513,-1.008150851581513,0.0
