market_session,count,total_return,avg_return,win_rate
Midday,4,-3.3806394372120563,-0.8451598593030141,0.0
Afternoon,1,-1.008150851581513,-1.008150851581513,0.0
