{
    "ticker": "EL",
    "market_index": "SPY",
    "unique_news_events": 10,
    "events_by_sentiment": {
        "positive": 2,
        "negative": 2,
        "neutral": 3
    },
    "event_windows": [
        5,
        15,
        30,
        60
    ],
    "estimation_window": 30,
    "min_data_points": 200,
    "aar_caar": {
        "positive": {
            "count": {
                "5": 2.0,
                "15": 2.0,
                "30": 2.0,
                "60": 2.0
            },
            "AAR": {
                "5": 0.023143846131129037,
                "15": -0.0003262675574111202,
                "30": 0.004793514033780592,
                "60": 0.003178568014815565
            },
            "AAR_std": {
                "5": 0.03722135624286517,
                "15": 0.004296215486427566,
                "30": 0.0008235661047641461,
                "60": 0.00297215723185208
            },
            "CAAR": {
                "5": 0.023143846131129037,
                "15": 0.02281757857371792,
                "30": 0.02761109260749851,
                "60": 0.030789660622314075
            },
            "t_stat": {
                "5": 0.8793430543088482,
                "15": -0.10739964187337046,
                "30": 8.231339923757146,
                "60": 1.5124280597619526
            },
            "p_value": {
                "5": 0.5408160290963742,
                "15": 0.931888345856577,
                "30": 0.07696380573525441,
                "60": 0.3719135339769648
            }
        },
        "negative": {
            "count": {
                "5": 2.0,
                "15": 2.0,
                "30": 2.0,
                "60": 3.0
            },
            "AAR": {
                "5": -0.0006857571286786302,
                "15": 0.005506893385197196,
                "30": -0.010956082629135102,
                "60": -0.00073779697515383
            },
            "AAR_std": {
                "5": 0.004649738735465042,
                "15": 0.0015429117784107847,
                "30": 0.014525051124266141,
                "60": 0.0005882552981425194
            },
            "CAAR": {
                "5": -0.0006857571286786302,
                "15": 0.004821136256518565,
                "30": -0.006134946372616537,
                "60": -0.006872743347770367
            },
            "t_stat": {
                "5": -0.2085723708461989,
                "15": 5.047549329042132,
                "30": -1.0667253775594518,
                "60": -2.1723592642041325
            },
            "p_value": {
                "5": 0.8690953951615419,
                "15": 0.12451220412132669,
                "30": 0.47945351373978995,
                "60": 0.16194089063646566
            }
        },
        "neutral": {
            "count": {
                "5": 3.0,
                "15": 3.0,
                "30": 3.0,
                "60": 3.0
            },
            "AAR": {
                "5": -0.0004974489681051817,
                "15": 0.0007123543099156981,
                "30": -0.00040591562801744677,
                "60": -0.0003101389480267803
            },
            "AAR_std": {
                "5": 0.0004014642197953392,
                "15": 0.0009930018101306382,
                "30": 0.0007603091911204407,
                "60": 0.00039098534145437264
            },
            "CAAR": {
                "5": -0.0004974489681051817,
                "15": 0.00021490534181051646,
                "30": -0.0001910102862069303,
                "60": -0.0005011492342337105
            },
            "t_stat": {
                "5": -2.1461610884529625,
                "15": 1.2425293138210225,
                "30": -0.9247112878858699,
                "60": -1.3739042322921318
            },
            "p_value": {
                "5": 0.16498786308062785,
                "15": 0.3399646515602748,
                "30": 0.45273687739157475,
                "60": 0.30318906487880337
            }
        }
    },
    "market_model_stats": {
        "positive": {
            "avg_r_squared": 0.2744794433192017,
            "avg_adj_r_squared": 0.27441741711105594,
            "avg_rmse": 0.0025767157981536936,
            "avg_mae": 0.0011551173868832372,
            "avg_data_points": 11699.0,
            "count": 2.0
        },
        "negative": {
            "avg_r_squared": 0.2145714567055447,
            "avg_adj_r_squared": 0.2145043088434181,
            "avg_rmse": 0.00244104903520863,
            "avg_mae": 0.0010898553846191335,
            "avg_data_points": 11699.0,
            "count": 3.0
        },
        "neutral": {
            "avg_r_squared": 0.1271674825121241,
            "avg_adj_r_squared": 0.12709286230886785,
            "avg_rmse": 0.0021794913213389116,
            "avg_mae": 0.0010493890817246641,
            "avg_data_points": 11699.0,
            "count": 4.0
        },
        "overall": {
            "avg_r_squared": 0.1890381318670593,
            "avg_adj_r_squared": 0.18896880110975972,
            "avg_rmse": 0.002354949331920992,
            "avg_mae": 0.0010863730282802814,
            "avg_data_points": 11699.0,
            "count": 9.0
        }
    },
    "individual_event_caars_by_sentiment_window": {
        "positive": {
            "5": [
                -0.014077510111736134,
                0.06036520237399421
            ],
            "15": [
                -0.004622483043838685,
                0.003969947929016445
            ],
            "30": [
                0.005617080138544737,
                0.003969947929016445
            ],
            "60": [
                0.00020641078296348487,
                0.006150725246667646
            ]
        },
        "negative": {
            "5": [
                -0.0053354958641436715,
                0.003963981606786411
            ],
            "15": [
                0.007049805163607981,
                0.003963981606786411
            ],
            "30": [
                0.003568968495131039,
                -0.025481133753401244
            ],
            "60": [
                -0.00079910861480767,
                -0.001425644534456984,
                1.1362223803164102e-05
            ]
        },
        "neutral": {
            "5": [
                -7.485747366255906e-05,
                -0.0003803811953027489,
                -0.001037108235350237
            ],
            "15": [
                0.0005216597820741744,
                -0.00039720738130187734,
                0.0020126105289747973
            ],
            "30": [
                -0.0012522661355056578,
                0.0005916055258679969,
                -0.0005570862744146793
            ],
            "60": [
                0.00011357761451596146,
                -0.0008296537127639002,
                -0.00021434074583240217
            ]
        }
    }
}