{
    "ticker": "V",
    "market_index": "SPY",
    "unique_news_events": 104,
    "events_by_sentiment": {
        "positive": 33,
        "negative": 13,
        "neutral": 14
    },
    "event_windows": [
        5,
        15,
        30,
        60
    ],
    "estimation_window": 30,
    "min_data_points": 200,
    "aar_caar": {
        "positive": {
            "count": {
                "5": 33.0,
                "15": 34.0,
                "30": 38.0,
                "60": 40.0
            },
            "AAR": {
                "5": 0.000449074667920618,
                "15": 3.5290319418888227e-05,
                "30": -0.00027676987649855083,
                "60": 0.00024043394619648533
            },
            "AAR_std": {
                "5": 0.0024158447912004813,
                "15": 0.0009380622768646503,
                "30": 0.0015899775123016993,
                "60": 0.0010815729266792713
            },
            "CAAR": {
                "5": 0.000449074667920618,
                "15": 0.0004843649873395062,
                "30": 0.00020759511084095537,
                "60": 0.0004480290570374407
            },
            "t_stat": {
                "5": 1.0678407703341442,
                "15": 0.21936299962198877,
                "30": -1.0730492029524519,
                "60": 1.4059503118992842
            },
            "p_value": {
                "5": 0.29358225554060935,
                "15": 0.8277185059163286,
                "30": 0.29019792740744266,
                "60": 0.1676564415340014
            }
        },
        "negative": {
            "count": {
                "5": 13.0,
                "15": 14.0,
                "30": 14.0,
                "60": 15.0
            },
            "AAR": {
                "5": -0.00020929336783731878,
                "15": 0.00012512701477018139,
                "30": 0.000147271118938245,
                "60": 0.0001530750018081844
            },
            "AAR_std": {
                "5": 0.0009256321084960819,
                "15": 0.00041685460643473677,
                "30": 0.000954836359496306,
                "60": 0.0008899482041240609
            },
            "CAAR": {
                "5": -0.00020929336783731878,
                "15": -8.41663530671374e-05,
                "30": 6.31047658711076e-05,
                "60": 0.000216179767679292
            },
            "t_stat": {
                "5": -0.8152461030960366,
                "15": 1.1231312113930554,
                "30": 0.5771021018977859,
                "60": 0.6661701545960115
            },
            "p_value": {
                "5": 0.43081531026026143,
                "15": 0.2816958338627147,
                "30": 0.5737291469285766,
                "60": 0.5161301150602728
            }
        },
        "neutral": {
            "count": {
                "5": 14.0,
                "15": 14.0,
                "30": 15.0,
                "60": 16.0
            },
            "AAR": {
                "5": 1.2056488064882164e-05,
                "15": 2.1610967484030994e-05,
                "30": -0.0002283288022785843,
                "60": -4.3804620373692795e-05
            },
            "AAR_std": {
                "5": 0.0006912189492989325,
                "15": 0.0008075363062225348,
                "30": 0.0007530920453984435,
                "60": 0.0008972776890451035
            },
            "CAAR": {
                "5": 1.2056488064882164e-05,
                "15": 3.3667455548913155e-05,
                "30": -0.00019466134672967115,
                "60": -0.00023846596710336396
            },
            "t_stat": {
                "5": 0.06526332600151112,
                "15": 0.10013275625984426,
                "30": -1.1742437781514121,
                "60": -0.1952778762182768
            },
            "p_value": {
                "5": 0.9489572873541916,
                "15": 0.9217666795837278,
                "30": 0.259885561469283,
                "60": 0.8477959559163069
            }
        }
    },
    "market_model_stats": {
        "positive": {
            "avg_r_squared": 0.29107669962963856,
            "avg_adj_r_squared": 0.29101609235423714,
            "avg_rmse": 0.0009764047748393533,
            "avg_mae": 0.00046305075138791587,
            "avg_data_points": 11699.0,
            "count": 45.0
        },
        "negative": {
            "avg_r_squared": 0.2130598190194759,
            "avg_adj_r_squared": 0.21299254192441044,
            "avg_rmse": 0.0007709715951613963,
            "avg_mae": 0.0003799814580540688,
            "avg_data_points": 11699.0,
            "count": 17.0
        },
        "neutral": {
            "avg_r_squared": 0.2714890903536683,
            "avg_adj_r_squared": 0.2714268084942474,
            "avg_rmse": 0.0009089651002442739,
            "avg_mae": 0.00043336955734603306,
            "avg_data_points": 11699.0,
            "count": 18.0
        },
        "overall": {
            "avg_r_squared": 0.27009090041288564,
            "avg_adj_r_squared": 0.27002849901940124,
            "avg_rmse": 0.0009175762973738946,
            "avg_mae": 0.0004387202578950497,
            "avg_data_points": 11699.0,
            "count": 80.0
        }
    },
    "individual_event_caars_by_sentiment_window": {
        "positive": {
            "5": [
                0.00014370801778548203,
                -0.000297171853605779,
                0.0010540319780278802,
                -9.659381127112793e-05,
                -0.00028539082839410435,
                1.7802172103156653e-06,
                -0.001138305159735546,
                -0.00015679208971236422,
                0.00023354911658459958,
                -0.00015562013380183848,
                -0.000348707543563521,
                0.0001822263809562916,
                0.0008437690918724788,
                0.00016101915147470426,
                -0.0008298436834412339,
                0.0008704530814499204,
                -0.00019421068645341118,
                -7.543972359852854e-05,
                -0.002768262612377983,
                0.0001438287516826081,
                0.0007240510348037762,
                6.777236271761258e-05,
                -0.0010579660659737523,
                0.0032054029734380793,
                0.013159100161088585,
                0.0006807964439807753,
                -0.0003049507211986414,
                8.125510327598575e-05,
                -0.0004324387211433235,
                0.0002357887590474464,
                0.0001118652017757854,
                0.0006061832652121667,
                0.00045457658326705585
            ],