market_session,count,total_return,avg_return,win_rate
Midday,7,-2.13805860713001,-0.3054369438757157,0.14285714285714285
Afternoon,6,-3.164247077019748,-0.5273745128366246,0.16666666666666666
