{
    "ticker": "DHR",
    "market_index": "SPY",
    "unique_news_events": 20,
    "events_by_sentiment": {
        "positive": 5,
        "negative": 1,
        "neutral": 5
    },
    "event_windows": [
        5,
        15,
        30,
        60
    ],
    "estimation_window": 30,
    "min_data_points": 200,
    "aar_caar": {
        "positive": {
            "count": {
                "5": 5.0,
                "15": 5.0,
                "30": 5.0,
                "60": 6.0
            },
            "AAR": {
                "5": -0.0004713573825681111,
                "15": 0.0005656902203501726,
                "30": 0.0006182517050319538,
                "60": 0.0006597458863952209
            },
            "AAR_std": {
                "5": 0.0010293995656074507,
                "15": 0.0017638279541453672,
                "30": 0.0015503637204513667,
                "60": 0.0005111839932786959
            },
            "CAAR": {
                "5": -0.0004713573825681111,
                "15": 9.433283778206148e-05,
                "30": 0.0007125845428140154,
                "60": 0.0013723304292092362
            },
            "t_stat": {
                "5": -1.0238853641799537,
                "15": 0.7171457873410998,
                "30": 0.8916958139694573,
                "60": 3.161368123448711
            },
            "p_value": {
                "5": 0.3637684486844408,
                "15": 0.5129318512863523,
                "30": 0.4229485509209261,
                "60": 0.02505660581233715
            }
        },
        "negative": {
            "count": {
                "5": 1.0,
                "15": 1.0,
                "30": 1.0,
                "60": 2.0
            },
            "AAR": {
                "5": 0.0006049316584837322,
                "15": 8.277491528590426e-05,
                "30": 0.00028930775221903845,
                "60": 0.0007573805219461527
            },
            "AAR_std": {
                "5": 0.0,
                "15": 0.0,
                "30": 0.0,
                "60": 0.0008326373510177734
            },
            "CAAR": {
                "5": 0.0006049316584837322,
                "15": 0.0006877065737696365,
                "30": 0.0009770143259886749,
                "60": 0.0017343948479348276
            },
            "t_stat": {
                "5": 0.0,
                "15": 0.0,
                "30": 0.0,
                "60": 1.2863917342936964
            },
            "p_value": {
                "5": 1.0,
                "15": 1.0,
                "30": 1.0,
                "60": 0.42067064671879306
            }
        },
        "neutral": {
            "count": {
                "5": 5.0,
                "15": 6.0,
                "30": 6.0,
                "60": 6.0
            },
            "AAR": {
                "5": 0.0005400615178221009,
                "15": 0.0003995690217163484,
                "30": 0.00015381682226235204,
                "60": 0.00026538995589879777
            },
            "AAR_std": {
                "5": 0.0024246918532903347,
                "15": 0.000911239028609423,
                "30": 0.0010967342627194224,
                "60": 0.00042594636557555953
            },
            "CAAR": {
                "5": 0.0005400615178221009,
                "15": 0.0009396305395384494,
                "30": 0.0010934473618008016,
                "60": 0.0013588373176995994
            },
            "t_stat": {
                "5": 0.498048551713153,
                "15": 1.0740762736223997,
                "30": 0.3435405833541687,
                "60": 1.5261780058467662
            },
            "p_value": {
                "5": 0.6445884392662196,
                "15": 0.33186593198390146,
                "30": 0.7451661984105886,
                "60": 0.18748946297302882
            }
        }
    },
    "market_model_stats": {
        "positive": {
            "avg_r_squared": 0.25194964373163725,
            "avg_adj_r_squared": 0.2518856914057187,
            "avg_rmse": 0.0013152598505255717,
            "avg_mae": 0.0006652422056578616,
            "avg_data_points": 11699.0,
            "count": 6.0
        },
        "negative": {
            "avg_r_squared": 0.3078242499886511,
            "avg_adj_r_squared": 0.3077650744949338,
            "avg_rmse": 0.0016029113846052726,
            "avg_mae": 0.0007326230648807551,
            "avg_data_points": 11699.0,
            "count": 2.0
        },
        "neutral": {
            "avg_r_squared": 0.2950952640382162,
            "avg_adj_r_squared": 0.29503500031794927,
            "avg_rmse": 0.0013760071726571727,
            "avg_mae": 0.0006824455846817942,
            "avg_data_points": 11699.0,
            "count": 6.0
        },
        "overall": {
            "avg_r_squared": 0.27842271047117306,
            "avg_adj_r_squared": 0.27836102138084823,
            "avg_rmse": 0.0013823874934505008,
            "avg_mae": 0.0006822409194142461,
            "avg_data_points": 11699.0,
            "count": 14.0
        }
    },
    "individual_event_caars_by_sentiment_window": {
        "positive": {
            "5": [
                -0.0005270891125727895,
                -0.00040030984809367635,
                0.0006049316584837322,
                -0.0023468148134435,
                0.0003124952027856784
            ],
            "15": [
                -0.001893370117287428,
                0.00029146142419015747,
                8.277491528590426e-05,
                0.0035929600469006328,
                0.0007546248326615965
            ],
            "30": [
                -0.0003026883637892697,
                0.003670193005407023,
                0.00028930775221903845,
                -3.4027386459786974e-05,
                -0.0005315264822172353
            ],
            "60": [
                0.001064454138427568,
                0.0001790864774715165,
                0.0015900178729639262,
                0.0002991186157143682,
                0.0005797936107094724,
                0.00024600460308447393
            ]
        },
        "negative": {
            "5": [
                0.0006049316584837322
            ],
            "15": [
                8.277491528590426e-05
            ],
            "30": [
                0.00028930775221903845
            ],
            "60": [
                -7.525682907162068e-05,
                0.0015900178729639262
            ]
        },
        "neutral": {
            "5": [
                -0.00012186245787274324,
                0.004886100393311982,
                -0.0004293937113744332,
                -0.002467256750041161,
                0.0008327201150868605
            ],
            "15": [
                0.00035390060164900783,
                1.4125390580824103e-05,
                -0.0002763235514363413,
                0.00015116832051653576,
                0.002380036346495661,
                -0.00022549297750759672
            ],
            "30": [
                -0.00045774818589876997,
                -0.0004729412789890189,
                0.00027976279400049537,
                0.0023238229298554475,
                -0.001138555246527755,
                0.0003885599211337132
            ],
            "60": [
                -0.0006561808002168332,
                0.0004371719071723965,
                0.0005432307903822188,
                0.000257568837309575,
                0.0005986400513375128,
                0.00041190894940791676
            ]
        }
    }
}