{
    "ticker": "MDLZ",
    "market_index": "SPY",
    "unique_news_events": 16,
    "events_by_sentiment": {
        "positive": 1,
        "negative": 1,
        "neutral": 7
    },
    "event_windows": [
        5,
        15,
        30,
        60
    ],
    "estimation_window": 30,
    "min_data_points": 200,
    "aar_caar": {
        "positive": {
            "count": {
                "5": 1.0,
                "15": 1.0,
                "30": 1.0,
                "60": 1.0
            },
            "AAR": {
                "5": -0.0003153578053529076,
                "15": 0.0002989323047356437,
                "30": -8.550413919194299e-05,
                "60": -8.831820221736304e-05
            },
            "AAR_std": {
                "5": 0.0,
                "15": 0.0,
                "30": 0.0,
                "60": 0.0
            },
            "CAAR": {
                "5": -0.0003153578053529076,
                "15": -1.642550061726393e-05,
                "30": -0.00010192963980920692,
                "60": -0.00019024784202656997
            },
            "t_stat": {
                "5": 0.0,
                "15": 0.0,
                "30": 0.0,
                "60": 0.0
            },
            "p_value": {
                "5": 1.0,
                "15": 1.0,
                "30": 1.0,
                "60": 1.0
            }
        },
        "negative": {
            "count": {
                "5": 1.0,
                "15": 1.0,
                "30": 1.0,
                "60": 1.0
            },
            "AAR": {
                "5": 0.003499299730748418,
                "15": 0.00013891664868145582,
                "30": 0.0017192225677939814,
                "60": -0.0057958398515478024
            },
            "AAR_std": {
                "5": 0.0,
                "15": 0.0,
                "30": 0.0,
                "60": 0.0
            },
            "CAAR": {
                "5": 0.003499299730748418,
                "15": 0.003638216379429874,
                "30": 0.005357438947223856,
                "60": -0.0004384009043239467
            },
            "t_stat": {
                "5": 0.0,
                "15": 0.0,
                "30": 0.0,
                "60": 0.0
            },
            "p_value": {
                "5": 1.0,
                "15": 1.0,
                "30": 1.0,
                "60": 1.0
            }
        },
        "neutral": {
            "count": {
                "5": 7.0,
                "15": 8.0,
                "30": 8.0,
                "60": 9.0
            },
            "AAR": {
                "5": -0.0005686873390188857,
                "15": -0.0006406494931252105,
                "30": 0.0006938251186181814,
                "60": -0.0004178699620247082
            },
            "AAR_std": {
                "5": 0.0009697917653693437,
                "15": 0.00313913391977379,
                "30": 0.0015348406522932222,
                "60": 0.0009789260586825503
            },
            "CAAR": {
                "5": -0.0005686873390188857,
                "15": -0.0012093368321440961,
                "30": -0.0005155117135259147,
                "60": -0.0009333816755506229
            },
            "t_stat": {
                "5": -1.551472518661801,
                "15": -0.577238961484262,
                "30": 1.2785912220905886,
                "60": -1.2805971145167458
            },
            "p_value": {
                "5": 0.17177173799721301,
                "15": 0.5818593900121845,
                "30": 0.24179763021939404,
                "60": 0.23621273685896793
            }
        }
    },
    "market_model_stats": {
        "positive": {
            "avg_r_squared": 0.029653596897347645,
            "avg_adj_r_squared": 0.02957064003634885,
            "avg_rmse": 0.001140695688540804,
            "avg_mae": 0.0005762025284440478,
            "avg_data_points": 11699.0,
            "count": 2.0
        },
        "negative": {
            "avg_r_squared": 0.059549830686170924,
            "avg_adj_r_squared": 0.05946942971418545,
            "avg_rmse": 0.001323677493623292,
            "avg_mae": 0.0006065986471789347,
            "avg_data_points": 11699.0,
            "count": 1.0
        },
        "neutral": {
            "avg_r_squared": 0.02141557960196806,
            "avg_adj_r_squared": 0.021331918456341102,
            "avg_rmse": 0.0010903436250617497,
            "avg_mae": 0.0005382920365459531,
            "avg_data_points": 11699.0,
            "count": 10.0
        },
        "overall": {
            "avg_r_squared": 0.025616370807734372,
            "avg_adj_r_squared": 0.025533068796176474,
            "avg_rmse": 0.0011160388554863382,
            "avg_mae": 0.0005493787745789662,
            "avg_data_points": 11699.0,
            "count": 13.0
        }
    },
    "individual_event_caars_by_sentiment_window": {
        "positive": {
            "5": [
                -0.0003153578053529076
            ],
            "15": [
                0.0002989323047356437
            ],
            "30": [
                -8.550413919194299e-05
            ],
            "60": [
                -8.831820221736304e-05
            ]
        },
        "negative": {
            "5": [
                0.003499299730748418
            ],
            "15": [
                0.00013891664868145582
            ],
            "30": [
                0.0017192225677939814
            ],
            "60": [
                -0.0057958398515478024
            ]
        },
        "neutral": {
            "5": [
                -0.0003032963599109375,
                -0.00023089368338067006,
                -0.0003801014833181345,
                0.0006395037934452847,
                -0.0024133472927536006,
                -0.0015091288391203025,
                0.00021645249190616083
            ],
            "15": [
                -0.0008423200607372068,
                -0.008445833809414677,
                0.0001291079942453133,
                0.0003780635713450027,
                0.00011217866136090873,
                0.002958094683270635,
                -0.00040767714493092133,
                0.0009931901598592625
            ],
            "30": [
                2.1862164529547564e-05,
                3.27761385819173e-05,
                -0.00017124663827079587,
                -0.0005121143285563352,
                0.0007161192919403352,
                0.0035847799430881793,
                0.002846590115084545,
                -0.0009681657374519426
            ],
            "60": [
                0.0005535356061749285,
                -2.9419104062170953e-05,
                -0.00013012663338447027,
                -0.0010172534115748632,
                0.00041685953671155373,
                -0.0012251782304761206,
                -0.000372832099695034,
                -0.002576578926723878,
                0.0006201636048076814
            ]
        }
    }
}