market_session,count,total_return,avg_return,win_rate
Midday,1,-0.8909434947148651,-0.8909434947148651,0.0
Afternoon,1,-0.6664933135215438,-0.6664933135215438,0.0
