{
    "ticker": "USB",
    "market_index": "SPY",
    "unique_news_events": 24,
    "events_by_sentiment": {
        "positive": 7,
        "negative": 4,
        "neutral": 3
    },
    "event_windows": [
        5,
        15,
        30,
        60
    ],
    "estimation_window": 30,
    "min_data_points": 200,
    "aar_caar": {
        "positive": {
            "count": {
                "5": 7.0,
                "15": 7.0,
                "30": 8.0,
                "60": 8.0
            },
            "AAR": {
                "5": 0.0005582896507665743,
                "15": 0.00037084721574547557,
                "30": -0.00022783153268884587,
                "60": 0.0014565131150269255
            },
            "AAR_std": {
                "5": 0.0010326734612689154,
                "15": 0.0011788349299774348,
                "30": 0.001968597664123914,
                "60": 0.003653595637553108
            },
            "CAAR": {
                "5": 0.0005582896507665743,
                "15": 0.0009291368665120499,
                "30": 0.000701305333823204,
                "60": 0.0021578184488501295
            },
            "t_stat": {
                "5": 1.4303607392548363,
                "15": 0.8323213728337916,
                "30": -0.32734209669826553,
                "60": 1.1275580580804876
            },
            "p_value": {
                "5": 0.20256033015301145,
                "15": 0.4370949558181638,
                "30": 0.7529809052726206,
                "60": 0.29666749473744614
            }
        },
        "negative": {
            "count": {
                "5": 4.0,
                "15": 6.0,
                "30": 6.0,
                "60": 6.0
            },
            "AAR": {
                "5": -0.001006224300718792,
                "15": -0.0013926270655907347,
                "30": -0.0003558276221418285,
                "60": -0.0009211042851276986
            },
            "AAR_std": {
                "5": 0.0023110611920164753,
                "15": 0.002430266657883393,
                "30": 0.002053241603332399,
                "60": 0.0012471491485375663
            },
            "CAAR": {
                "5": -0.001006224300718792,
                "15": -0.0023988513663095266,
                "30": -0.002754678988451355,
                "60": -0.0036757832735790537
            },
            "t_stat": {
                "5": -0.8707898381875635,
                "15": -1.403642559807696,
                "30": -0.4244975891881121,
                "60": -1.8091144119367273
            },
            "p_value": {
                "5": 0.4479482758816111,
                "15": 0.21938082675696902,
                "30": 0.6888491198318358,
                "60": 0.1302207438803782
            }
        },
        "neutral": {
            "count": {
                "5": 3.0,
                "15": 3.0,
                "30": 3.0,
                "60": 3.0
            },
            "AAR": {
                "5": -0.0016844717517244714,
                "15": 0.0011989786047873646,
                "30": 0.0024134876063024837,
                "60": 0.0009208864980047531
            },
            "AAR_std": {
                "5": 0.000961193970309628,
                "15": 0.0008525786636179145,
                "30": 0.004033756908710531,
                "60": 0.0004897931605084185
            },
            "CAAR": {
                "5": -0.0016844717517244714,
                "15": -0.00048549314693710683,
                "30": 0.0019279944593653768,
                "60": 0.00284888095737013
            },
            "t_stat": {
                "5": -3.0353817731102626,
                "15": 2.4357774235955256,
                "30": 1.0363250072226098,
                "60": 3.2565219998023895
            },
            "p_value": {
                "5": 0.0935540662779295,
                "15": 0.13519427776182247,
                "30": 0.4089200885432094,
                "60": 0.0827584871044964
            }
        }
    },
    "market_model_stats": {
        "positive": {
            "avg_r_squared": 0.3143478693110781,
            "avg_adj_r_squared": 0.3142892515346663,
            "avg_rmse": 0.0013170002501901588,
            "avg_mae": 0.0005533677757088888,
            "avg_data_points": 11699.0,
            "count": 10.0
        },
        "negative": {
            "avg_r_squared": 0.2986967832474132,
            "avg_adj_r_squared": 0.29863682742825004,
            "avg_rmse": 0.0013464528747595538,
            "avg_mae": 0.0005696005508959138,
            "avg_data_points": 11699.0,
            "count": 6.0
        },
        "neutral": {
            "avg_r_squared": 0.32388036680853516,
            "avg_adj_r_squared": 0.32382256398446135,
            "avg_rmse": 0.0015956828309607596,
            "avg_mae": 0.0006311606425778934,
            "avg_data_points": 11699.0,
            "count": 5.0
        },
        "overall": {
            "avg_r_squared": 0.3121457726970446,
            "avg_adj_r_squared": 0.3120869666589748,
            "avg_rmse": 0.0013917682812029859,
            "avg_mae": 0.000576527822635897,
            "avg_data_points": 11699.0,
            "count": 21.0
        }
    },
    "individual_event_caars_by_sentiment_window": {
        "positive": {
            "5": [
                -0.0002480961174264042,
                -2.996277342534121e-05,
                0.00022038972994087842,
                0.0004474284123078009,
                -0.0002852644693580362,
                0.0029069262787934985,
                0.0008966064945336238
            ],
            "15": [
                1.9444955845886598e-06,
                7.63394149251519e-05,
                -0.00043276271857108274,
                0.001044125392176089,
                -2.278567762114365e-05,
                0.0029069262787934985,
                -0.0009778566750687724
            ],
            "30": [
                -8.376449709224845e-05,
                -0.00017273589881766876,
                0.00015560745251127085,
                0.0009667807104369764,
                8.624667744683401e-05,
                0.002639554890532706,
                -0.004803632458935988,
                -0.0006107091375926493
            ],
            "60": [
                -0.00010560593614636892,
                0.00012628761958809206,
                -8.252827957526999e-05,
                0.0007971397013083974,
                0.00026316755508113993,
                0.0018756806864019498,
                0.010752095452676053,
                -0.0019741318791185888
            ]
        },
        "negative": {
            "5": [
                -0.0003443337072126116,
                0.0010442534658372863,
                0.00019131292572066935,
                -0.004916129887220512
            ],
            "15": [
                0.0003094744391633763,
                -0.0003264658541692043,
                -0.0048037852319592145,
                0.0004947522941931583,
                -0.004792525939891992,
                0.0007627878991194668
            ],
            "30": [
                0.00015248800501493952,
                3.120640774618424e-05,
                -0.0048037852319592145,
                0.0001945205562805436,
                0.001527816630947109,
                0.0007627878991194668
            ],
            "60": [
                -0.00011687453845613778,
                0.00020200585520458347,
                -0.003285142905713987,
                0.000166143341815188,
                -0.000776415336320276,
                -0.0017163421272955622
            ]
        },
        "neutral": {
            "5": [
                -0.0003259114774540362,
                -0.002324049763978783,
                -0.0024034540137405948
            ],