{
    "ticker": "ABT",
    "market_index": "SPY",
    "unique_news_events": 45,
    "events_by_sentiment": {
        "positive": 13,
        "negative": 10,
        "neutral": 12
    },
    "event_windows": [
        5,
        15,
        30,
        60
    ],
    "estimation_window": 30,
    "min_data_points": 200,
    "aar_caar": {
        "positive": {
            "count": {
                "5": 13.0,
                "15": 13.0,
                "30": 13.0,
                "60": 13.0
            },
            "AAR": {
                "5": 0.0005252475753569178,
                "15": -0.00015484863687291377,
                "30": -0.0002771118381609794,
                "60": -0.00014915541938165586
            },
            "AAR_std": {
                "5": 0.0015927211630765358,
                "15": 0.001457709876567977,
                "30": 0.001542682714476206,
                "60": 0.0018598032999962754
            },
            "CAAR": {
                "5": 0.0005252475753569178,
                "15": 0.000370398938484004,
                "30": 9.328710032302463e-05,
                "60": -5.586831905863123e-05
            },
            "t_stat": {
                "5": 1.1890386774320136,
                "15": -0.38300810686382053,
                "30": -0.6476645729881875,
                "60": -0.2891636511210473
            },
            "p_value": {
                "5": 0.2574214739993592,
                "15": 0.7084120621088239,
                "30": 0.5293984892115664,
                "60": 0.7773910633922609
            }
        },
        "negative": {
            "count": {
                "5": 10.0,
                "15": 10.0,
                "30": 10.0,
                "60": 10.0
            },
            "AAR": {
                "5": -0.0004244904525983833,
                "15": -0.0006971652121179138,
                "30": 0.0008321356098206226,
                "60": 0.0002782263195006402
            },
            "AAR_std": {
                "5": 0.0028459653670956367,
                "15": 0.00159452448671022,
                "30": 0.0012741770956807548,
                "60": 0.0007863237361759822
            },
            "CAAR": {
                "5": -0.0004244904525983833,
                "15": -0.001121655664716297,
                "30": -0.0002895200548956744,
                "60": -1.1293735395034204e-05
            },
            "t_stat": {
                "5": -0.47167006693989855,
                "15": -1.382625349501883,
                "30": 2.0652104468731203,
                "60": 1.1189143022777015
            },
            "p_value": {
                "5": 0.6483874234840026,
                "15": 0.20011947404831054,
                "30": 0.06889643315847427,
                "60": 0.29214993475073214
            }
        },
        "neutral": {
            "count": {
                "5": 12.0,
                "15": 13.0,
                "30": 13.0,
                "60": 13.0
            },
            "AAR": {
                "5": -0.00041858063842850423,
                "15": 0.0005603914198545848,
                "30": -8.301914178574451e-05,
                "60": -0.0003538694117647614
            },
            "AAR_std": {
                "5": 0.00205074373608719,
                "15": 0.0017555231145320023,
                "30": 0.0019514904962478247,
                "60": 0.0015102285473832745
            },
            "CAAR": {
                "5": -0.00041858063842850423,
                "15": 0.0001418107814260806,
                "30": 5.87916396403361e-05,
                "60": -0.0002950777721244253
            },
            "t_stat": {
                "5": -0.7070634132045082,
                "15": 1.150950381621387,
                "30": -0.1533852063994393,
                "60": -0.8448352477158697
            },
            "p_value": {
                "5": 0.4942337925767146,
                "15": 0.2721706168467328,
                "30": 0.8806436641326938,
                "60": 0.4147296353950507
            }
        }
    },
    "market_model_stats": {
        "positive": {
            "avg_r_squared": 0.12431773596780249,
            "avg_adj_r_squared": 0.12424287213399617,
            "avg_rmse": 0.0012711640099099578,
            "avg_mae": 0.0005613704832061048,
            "avg_data_points": 11699.0,
            "count": 14.0
        },
        "negative": {
            "avg_r_squared": 0.09364433848541805,
            "avg_adj_r_squared": 0.09356685232131484,
            "avg_rmse": 0.0012271164445262091,
            "avg_mae": 0.00054737375836306,
            "avg_data_points": 11699.0,
            "count": 10.0
        },
        "neutral": {
            "avg_r_squared": 0.11418661816776628,
            "avg_adj_r_squared": 0.11411088820437118,
            "avg_rmse": 0.0012234133452585902,
            "avg_mae": 0.0005433853000214045,
            "avg_data_points": 11699.0,
            "count": 14.0
        },
        "overall": {
            "avg_r_squared": 0.11251327217768797,
            "avg_adj_r_squared": 0.11243739915658663,
            "avg_rmse": 0.0012419801952005729,
            "avg_mae": 0.0005510610144425193,
            "avg_data_points": 11699.0,
            "count": 38.0
        }
    },
    "individual_event_caars_by_sentiment_window": {
        "positive": {
            "5": [
                -6.25774441970985e-05,
                -0.00017203554812468406,
                0.0005169727533853359,
                0.00027589814581352034,
                0.005352127437792273,
                -0.0002284193734477296,
                0.00019353092254930753,
                0.000832949820215415,
                0.0008059862320946399,
                -0.002092103583438168,
                0.0012840018059786323,
                -0.00013424639907829512,
                0.00025613371009678104
            ],
            "15": [
                0.0001653536817483668,
                0.0002571196197077284,
                -0.0001235284942858312,
                -0.00023109197147775222,
                -0.004938845648385631,
                -0.0002908999455572493,
                0.000981037333486325,
                -8.38988151899996e-05,
                0.0011195892031779311,
                0.00025463343091002596,
                -5.887607143877736e-05,
                -6.428713234464268e-05,
                0.0010006625303016266
            ],
            "30": [
                0.0006573728308246122,
                -7.743238955120981e-05,
                -0.00016303615285716378,
                2.8097709542028633e-05,
                -0.004938845648385631,
                -0.0004516442598657618,
                -0.00023140290033971968,
                -0.0012710315513969938,
                0.0005875201846171699,
                -0.00011986721278283135,
                0.0021382085324448473,
                -0.00023066050573475956,
                0.00047026746739268143
            ],
            "60": [
                0.0005904481978967775,
                0.0004512781871034679,
                0.00037634272163829984,
                0.00028827510278501184,
                -0.004938845648385631,
                0.0005349106773732509,
                -0.00028222157519555854,
                -0.0018110818104200455,
                -0.0003385818716285558,
                -0.0006125849049329673,
                0.003991448575577048,
                -8.457484527470472e-05,
                -0.00010383325849791872
            ]
        },