market_session,count,total_return,avg_return,win_rate
Afternoon,12,0.4338334663443322,0.036152788862027684,0.5
Midday,6,-2.9269425149233923,-0.48782375248723203,0.16666666666666666
