{
    "ticker": "QCOM",
    "market_index": "SPY",
    "unique_news_events": 117,
    "events_by_sentiment": {
        "positive": 32,
        "negative": 11,
        "neutral": 23
    },
    "event_windows": [
        5,
        15,
        30,
        60
    ],
    "estimation_window": 30,
    "min_data_points": 200,
    "aar_caar": {
        "positive": {
            "count": {
                "5": 32.0,
                "15": 36.0,
                "30": 40.0,
                "60": 42.0
            },
            "AAR": {
                "5": 7.363443517682084e-06,
                "15": 4.754188570949813e-05,
                "30": 0.00016203786539280732,
                "60": 5.7479904946352225e-06
            },
            "AAR_std": {
                "5": 0.0026074042054463247,
                "15": 0.0006122643016939843,
                "30": 0.0011126949738391007,
                "60": 0.000781428594834934
            },
            "CAAR": {
                "5": 7.363443517682084e-06,
                "15": 5.490532922718022e-05,
                "30": 0.00021694319461998754,
                "60": 0.00022269118511462275
            },
            "t_stat": {
                "5": 0.015975247208273514,
                "15": 0.46589571442883204,
                "30": 0.9210228029791416,
                "60": 0.04767068440912739
            },
            "p_value": {
                "5": 0.9873565145669292,
                "15": 0.6441766120605943,
                "30": 0.36270098583537624,
                "60": 0.9622101557194767
            }
        },
        "negative": {
            "count": {
                "5": 11.0,
                "15": 11.0,
                "30": 13.0,
                "60": 14.0
            },
            "AAR": {
                "5": -0.0001267342509266129,
                "15": -0.0008505875616049007,
                "30": -0.0002919631375346988,
                "60": 0.00014842960952374498
            },
            "AAR_std": {
                "5": 0.0024059459696380305,
                "15": 0.0010882036651873224,
                "30": 0.0014563014262958343,
                "60": 0.0014845597790966907
            },
            "CAAR": {
                "5": -0.0001267342509266129,
                "15": -0.0009773218125315136,
                "30": -0.0012692849500662124,
                "60": -0.0011208553405424675
            },
            "t_stat": {
                "5": -0.17470465410059227,
                "15": -2.592418940898482,
                "30": -0.7228503961602641,
                "60": 0.3740992802785076
            },
            "p_value": {
                "5": 0.864798178991574,
                "15": 0.026838342198359566,
                "30": 0.48362290244352746,
                "60": 0.7143611501408018
            }
        },
        "neutral": {
            "count": {
                "5": 23.0,
                "15": 24.0,
                "30": 24.0,
                "60": 27.0
            },
            "AAR": {
                "5": -0.00047401979625767904,
                "15": 3.3519556919553275e-05,
                "30": -1.2665748356664833e-05,
                "60": -8.0137399683957e-05
            },
            "AAR_std": {
                "5": 0.0012043636993515818,
                "15": 0.0010083513336311873,
                "30": 0.0008249565104360043,
                "60": 0.0008426977534341034
            },
            "CAAR": {
                "5": -0.00047401979625767904,
                "15": -0.0004405002393381258,
                "30": -0.0004531659876947906,
                "60": -0.0005333033873787476
            },
            "t_stat": {
                "5": -1.8875685831371232,
                "15": 0.16285159372261712,
                "30": -0.0752151665981188,
                "60": -0.4941346310943555
            },
            "p_value": {
                "5": 0.07234645661266126,
                "15": 0.8720576694756705,
                "30": 0.9406939116668878,
                "60": 0.6253601817994796
            }
        }
    },
    "market_model_stats": {
        "positive": {
            "avg_r_squared": 0.27079988996615717,
            "avg_adj_r_squared": 0.27073754918561216,
            "avg_rmse": 0.0012376001385280763,
            "avg_mae": 0.000635766277212286,
            "avg_data_points": 11699.0,
            "count": 43.0
        },
        "negative": {
            "avg_r_squared": 0.30161179293793167,
            "avg_adj_r_squared": 0.30155208632879565,
            "avg_rmse": 0.001372498236695411,
            "avg_mae": 0.0007072659118837678,
            "avg_data_points": 11699.0,
            "count": 15.0
        },
        "neutral": {
            "avg_r_squared": 0.2840887930231201,
            "avg_adj_r_squared": 0.2840275883375617,
            "avg_rmse": 0.0012196032045240321,
            "avg_mae": 0.0006295937010013447,
            "avg_data_points": 11699.0,
            "count": 29.0
        },
        "overall": {
            "avg_r_squared": 0.28054192138257716,
            "avg_adj_r_squared": 0.28048041346784536,
            "avg_rmse": 0.0012548594533141999,
            "avg_mae": 0.0006460362750278599,
            "avg_data_points": 11699.0,
            "count": 87.0
        }
    },
    "individual_event_caars_by_sentiment_window": {
        "positive": {
            "5": [
                0.010828456841253158,
                0.0003847579679707901,
                -0.00046395743078060246,
                -0.000218530185766334,
                -0.000218530185766334,
                -0.00038843755510075377,
                0.0035163013489333044,
                0.0005285054149081752,
                -0.0005338412038005779,
                0.0007479156840142976,
                -0.0009040766059744002,
                0.0002980707653648844,
                9.323711053540394e-05,
                -0.00017694713493940026,
                -0.000424283975227109,
                0.00028058546222112907,
                0.0016384642163533342,
                -3.275283921058436e-05,
                1.5500845515436796e-05,
                0.00013547285835341328,
                -0.0005007580635842494,
                -0.0001211993577926597,
                -0.00026541835356901327,
                0.0005656162380347293,
                -0.0021576250379102034,
                0.00020563985901353804,
                -0.0038467607745401333,
                -0.007826835276485181,
                0.00037545991243883475,
                -0.00012407072135339433,
                -0.0007229706377269768,
                -0.00045135899281669584
            ],