market_session,count,total_return,avg_return,win_rate
Afternoon,1,-0.7324045407636753,-0.7324045407636753,0.0
Midday,2,-0.4095873321841609,-0.20479366609208044,0.5
