market_session,count,total_return,avg_return,win_rate
Afternoon,6,-0.5930759490124946,-0.09884599150208244,0.16666666666666666
Midday,2,-2.4381371841155186,-1.2190685920577593,0.0
