market_session,count,total_return,avg_return,win_rate
Afternoon,11,3.2250024485655753,0.29318204077868865,0.5454545454545454
Midday,3,-0.23016506635864475,-0.07672168878621492,0.6666666666666666
