{
    "ticker": "STZ",
    "market_index": "SPY",
    "unique_news_events": 33,
    "events_by_sentiment": {
        "positive": 3,
        "negative": 8,
        "neutral": 14
    },
    "event_windows": [
        5,
        15,
        30,
        60
    ],
    "estimation_window": 30,
    "min_data_points": 200,
    "aar_caar": {
        "positive": {
            "count": {
                "5": 3.0,
                "15": 3.0,
                "30": 3.0,
                "60": 3.0
            },
            "AAR": {
                "5": 0.0019030770768171431,
                "15": -0.001167102685835233,
                "30": 0.006529879363885785,
                "60": 0.0010457358102671929
            },
            "AAR_std": {
                "5": 0.002500967477442144,
                "15": 0.0023948410070740805,
                "30": 0.008430028359520418,
                "60": 0.0013212743778450147
            },
            "CAAR": {
                "5": 0.0019030770768171431,
                "15": 0.0007359743909819102,
                "30": 0.007265853754867695,
                "60": 0.008311589565134888
            },
            "t_stat": {
                "5": 1.3179804285732475,
                "15": -0.8440982693821851,
                "30": 1.3416423223265583,
                "60": 1.3708489205937262
            },
            "p_value": {
                "5": 0.31822165192864604,
                "15": 0.4874833423505931,
                "30": 0.31175238372419645,
                "60": 0.30398754587595755
            }
        },
        "negative": {
            "count": {
                "5": 8.0,
                "15": 8.0,
                "30": 8.0,
                "60": 8.0
            },
            "AAR": {
                "5": 0.0005827162890014387,
                "15": 0.000822852678303529,
                "30": 0.007274195668913647,
                "60": -0.0002275016559415765
            },
            "AAR_std": {
                "5": 0.003528908030338068,
                "15": 0.0023834965451447177,
                "30": 0.008720609548930227,
                "60": 0.0015539439362539733
            },
            "CAAR": {
                "5": 0.0005827162890014387,
                "15": 0.0014055689673049677,
                "30": 0.008679764636218616,
                "60": 0.008452262980277039
            },
            "t_stat": {
                "5": 0.4670483174040711,
                "15": 0.9764557199483761,
                "30": 2.3592997972476057,
                "60": -0.4140894916331541
            },
            "p_value": {
                "5": 0.6546541223978055,
                "15": 0.36136870344809946,
                "30": 0.05039317301194601,
                "60": 0.6912021771446843
            }
        },
        "neutral": {
            "count": {
                "5": 14.0,
                "15": 14.0,
                "30": 15.0,
                "60": 17.0
            },
            "AAR": {
                "5": -1.5491238579551647e-05,
                "15": 0.0023827433427162426,
                "30": 0.00037397935870437125,
                "60": 0.00025958115363911493
            },
            "AAR_std": {
                "5": 0.0003638756425456002,
                "15": 0.006682324521461038,
                "30": 0.0009394098366435964,
                "60": 0.0013223961864697437
            },
            "CAAR": {
                "5": -1.5491238579551647e-05,
                "15": 0.002367252104136691,
                "30": 0.002741231462841062,
                "60": 0.003000812616480177
            },
            "t_stat": {
                "5": -0.1592931773502621,
                "15": 1.3341778299494167,
                "30": 1.5418359182424395,
                "60": 0.8093493658137111
            },
            "p_value": {
                "5": 0.8758861022965454,
                "15": 0.20504684749181212,
                "30": 0.14540934117109594,
                "60": 0.43018643468127804
            }
        }
    },
    "market_model_stats": {
        "positive": {
            "avg_r_squared": 0.08125628434310732,
            "avg_adj_r_squared": 0.08117773909939889,
            "avg_rmse": 0.0013325973276697035,
            "avg_mae": 0.0006865865839444169,
            "avg_data_points": 11699.0,
            "count": 3.0
        },
        "negative": {
            "avg_r_squared": 0.07995249848141524,
            "avg_adj_r_squared": 0.07987384177443746,
            "avg_rmse": 0.0013960417770346033,
            "avg_mae": 0.0007549219707790138,
            "avg_data_points": 11699.0,
            "count": 8.0
        },
        "neutral": {
            "avg_r_squared": 0.06108885336860818,
            "avg_adj_r_squared": 0.06100840653317382,
            "avg_rmse": 0.001217028319828005,
            "avg_mae": 0.0006338842671361907,
            "avg_data_points": 11674.0,
            "count": 18.0
        },
        "overall": {
            "avg_r_squared": 0.06837890350053763,
            "avg_adj_r_squared": 0.06829914721002844,
            "avg_rmse": 0.0012783667571100005,
            "avg_mae": 0.0006727259422936826,
            "avg_data_points": 11683.48275862069,
            "count": 29.0
        }
    },
    "individual_event_caars_by_sentiment_window": {
        "positive": {
            "5": [
                0.0021306999525351365,
                -0.001267431656272833,
                0.004845962934189126
            ],
            "15": [
                0.0005850676837955793,
                0.00046685583824892184,
                -0.0045532315795502
            ],
            "30": [
                -0.00030025122571750114,
                0.0014826722505099494,
                0.018407217066864906
            ],
            "60": [
                0.00016068182307040618,
                0.002913450002845039,
                6.307560488613364e-05
            ]
        },
        "negative": {
            "5": [
                6.409285800546311e-05,
                0.0005780985172046806,
                -0.0009986011529972971,
                0.006488391905573668,
                0.004845962934189126,
                -0.002740437119411645,
                -0.005068194937479628,
                0.0014924173069271428
            ],
            "15": [
                -0.00011920481671858666,
                -0.0003539317555257607,
                0.0011719185799569129,
                0.0001495433045086735,
                0.0009214411975101053,
                0.006487216633750265,
                -0.0024175020669860298,
                0.0007433403499326521
            ],
            "30": [
                0.00013566787991025372,
                0.0034888181234037563,
                0.0007578275936878338,
                0.018407895028503762,
                0.018407217066864906,
                0.01840669622821358,
                0.00014956891232403098,
                -0.0015601254815989457
            ],
            "60": [
                0.00023631159714845905,
                0.0007464046851838852,
                0.0009037038819712477,
                6.378626382882646e-05,
                6.307560488613364e-05,
                6.254714780736369e-05,
                -0.004261100063093561,
                0.00036525763473503294
            ]
        },
        "neutral": {
            "5": [
                0.00011540060004498038,
                0.00017493670611572957,
                -0.0002725339099238507,
                7.067907598250352e-05,
                -2.5982879420712623e-05,
                1.3600864457693083e-05,
                0.0007403203379191736,
                -0.0005243052343562525,
                4.2033882038481894e-05,
                3.9392591618112266e-05,
                -0.00029453030820420065,
                -0.0005131589825245907,
                -0.00040760810478233825,
                0.0006248780209215481
            ],