day_of_week,count,total_return,avg_return,win_rate
Thursday,1,0.28808383233533563,0.28808383233533563,1.0
Tuesday,2,-1.2917477281189205,-0.6458738640594602,0.0
