market_session,count,total_return,avg_return,win_rate
Afternoon,2,-0.7160106558536423,-0.35800532792682116,0.5
Midday,1,-0.2876532399299425,-0.2876532399299425,0.0
