{
    "ticker": "PG",
    "market_index": "SPY",
    "unique_news_events": 35,
    "events_by_sentiment": {
        "positive": 4,
        "negative": 9,
        "neutral": 6
    },
    "event_windows": [
        5,
        15,
        30,
        60
    ],
    "estimation_window": 30,
    "min_data_points": 200,
    "aar_caar": {
        "positive": {
            "count": {
                "5": 4.0,
                "15": 4.0,
                "30": 5.0,
                "60": 6.0
            },
            "AAR": {
                "5": 0.0004473083908726593,
                "15": -2.8100672102815438e-05,
                "30": -0.0003963665989158826,
                "60": -0.0001543781272809592
            },
            "AAR_std": {
                "5": 0.0006103381571024567,
                "15": 0.0005356579219392136,
                "30": 0.0005239717700995038,
                "60": 0.000852315616565384
            },
            "CAAR": {
                "5": 0.0004473083908726593,
                "15": 0.0004192077187698439,
                "30": 2.284111985396129e-05,
                "60": -0.0001315370074269979
            },
            "t_stat": {
                "5": 1.4657723285603794,
                "15": -0.10492021475602968,
                "30": -1.691508416604193,
                "60": -0.4436709030495354
            },
            "p_value": {
                "5": 0.2389623006206938,
                "15": 0.9230606593203101,
                "30": 0.1659990405236691,
                "60": 0.6758217146065322
            }
        },
        "negative": {
            "count": {
                "5": 9.0,
                "15": 11.0,
                "30": 12.0,
                "60": 14.0
            },
            "AAR": {
                "5": 0.00022649046580873553,
                "15": 0.0011949386247746205,
                "30": 0.0014315416504384916,
                "60": 0.0014111425884858826
            },
            "AAR_std": {
                "5": 0.0013620953056924078,
                "15": 0.0029148271924765486,
                "30": 0.0029955282588611074,
                "60": 0.0027555768652884984
            },
            "CAAR": {
                "5": 0.00022649046580873553,
                "15": 0.001421429090583356,
                "30": 0.002852970741021848,
                "60": 0.00426411332950773
            },
            "t_stat": {
                "5": 0.4988427715642144,
                "15": 1.3596562691983949,
                "30": 1.6554695248664915,
                "60": 1.9161186017021905
            },
            "p_value": {
                "5": 0.6313155848776693,
                "15": 0.2038048916042423,
                "30": 0.1260493664441915,
                "60": 0.07760091655125478
            }
        },
        "neutral": {
            "count": {
                "5": 6.0,
                "15": 7.0,
                "30": 7.0,
                "60": 7.0
            },
            "AAR": {
                "5": -0.0008101268759475627,
                "15": -0.00030117021916565044,
                "30": 4.1033215082923956e-05,
                "60": -6.956420839047993e-05
            },
            "AAR_std": {
                "5": 0.0019007390912741111,
                "15": 0.0005920016061119124,
                "30": 0.0004162862441484255,
                "60": 0.00037431009807719425
            },
            "CAAR": {
                "5": -0.0008101268759475627,
                "15": -0.0011112970951132131,
                "30": -0.0010702638800302892,
                "60": -0.0011398280884207693
            },
            "t_stat": {
                "5": -1.0440136061264176,
                "15": -1.3459786155723674,
                "30": 0.2607909440412193,
                "60": -0.4917035273633628
            },
            "p_value": {
                "5": 0.3443030303041128,
                "15": 0.22693600584429352,
                "30": 0.8029736788533905,
                "60": 0.640397883982144
            }
        }
    },
    "market_model_stats": {
        "positive": {
            "avg_r_squared": 0.019585203030840184,
            "avg_adj_r_squared": 0.019501385402647516,
            "avg_rmse": 0.000695900161529898,
            "avg_mae": 0.00041531561299025093,
            "avg_data_points": 11699.0,
            "count": 7.0
        },
        "negative": {
            "avg_r_squared": 0.09824455176822461,
            "avg_adj_r_squared": 0.09816745888558526,
            "avg_rmse": 0.0008528111415756063,
            "avg_mae": 0.0004776274808859606,
            "avg_data_points": 11699.0,
            "count": 15.0
        },
        "neutral": {
            "avg_r_squared": 0.12398936930226162,
            "avg_adj_r_squared": 0.12391447739573014,
            "avg_rmse": 0.0009403803278092769,
            "avg_mae": 0.0005324850879660655,
            "avg_data_points": 11699.0,
            "count": 9.0
        },
        "overall": {
            "avg_r_squared": 0.08795706520837436,
            "avg_adj_r_squared": 0.0878790928278672,
            "avg_rmse": 0.0008428029420847378,
            "avg_mae": 0.00047948346115857276,
            "avg_data_points": 11699.0,
            "count": 31.0
        }
    },
    "individual_event_caars_by_sentiment_window": {
        "positive": {
            "5": [
                0.0002526707851180662,
                0.0005632172201634613,
                0.0013339132702455607,
                -0.00036056771203645053
            ],
            "15": [
                -0.00022530204260199025,
                -2.2099975245448796e-05,
                0.0008059149948863075,
                -0.0006709156654501301
            ],
            "30": [
                -0.00012555890909751616,
                0.00013468197057984712,
                -0.0005086702600012094,
                -0.0013604284485328702,
                -0.0001218573475276643
            ],
            "60": [
                5.628000097282474e-06,
                -0.0004899418149537859,
                -0.0018026231775005808,
                0.0006850634000658815,
                0.0007344063210718837,
                -5.880149246643606e-05
            ]
        },
        "negative": {
            "5": [
                0.00018282793322126867,
                -5.892906696271751e-06,
                0.0004238755838855954,
                0.00017107717629662652,
                -8.079951341120355e-05,
                0.0011207634058744266,
                0.0007022578844934593,
                -0.0029808448541944646,
                0.002505149482809183
            ],
            "15": [
                -0.0007359750284624492,
                -0.000530470373124824,
                -4.786490999715479e-05,
                0.0006908243711831274,
                0.0011565592001588636,
                2.862627013405312e-05,
                0.009443486662847323,
                -0.0024644226105958924,
                0.0018617340228319255,
                0.0012366777847366709,
                0.002505149482809183
            ],
            "30": [
                0.0025943478243292714,
                -0.0007359750284624492,
                0.00016352187344072534,
                0.00041600170568109135,
                -0.0010219982070762469,
                0.0005045528465326956,
                0.0004163706450914435,
                0.0011830366187059896,
                0.009443714184261933,
                -0.0024637967741778593,
                0.0018613208307761491,
                0.004817403286159154
            ],