{
    "ticker": "CL",
    "market_index": "SPY",
    "unique_news_events": 12,
    "events_by_sentiment": {
        "positive": 1,
        "negative": 2,
        "neutral": 4
    },
    "event_windows": [
        5,
        15,
        30,
        60
    ],
    "estimation_window": 30,
    "min_data_points": 200,
    "aar_caar": {
        "positive": {
            "count": {
                "5": 1.0,
                "15": 2.0,
                "30": 2.0,
                "60": 2.0
            },
            "AAR": {
                "5": -0.005820123024687375,
                "15": 0.00012023879775290762,
                "30": -0.004373242403161751,
                "60": -0.00037303589924103696
            },
            "AAR_std": {
                "5": 0.0,
                "15": 0.001338893198830236,
                "30": 0.004414132048539598,
                "60": 0.0014196929368461143
            },
            "CAAR": {
                "5": -0.005820123024687375,
                "15": -0.005699884226934467,
                "30": -0.010073126630096218,
                "60": -0.010446162529337255
            },
            "t_stat": {
                "5": 0.0,
                "15": 0.12700291453729173,
                "30": -1.4011132086867777,
                "60": -0.3715961489043466
            },
            "p_value": {
                "5": 1.0,
                "15": 0.9195779845694143,
                "30": 0.3946237900620697,
                "60": 0.7735014198925747
            }
        },
        "negative": {
            "count": {
                "5": 2.0,
                "15": 2.0,
                "30": 2.0,
                "60": 2.0
            },
            "AAR": {
                "5": 0.0011437925361120573,
                "15": 0.00604199535020942,
                "30": 0.007084142643771166,
                "60": 0.005665588376380811
            },
            "AAR_std": {
                "5": 0.0011027277311580087,
                "15": 0.004996001460234327,
                "30": 0.00603811206241312,
                "60": 0.007458317212467962
            },
            "CAAR": {
                "5": 0.0011437925361120573,
                "15": 0.007185787886321477,
                "30": 0.014269930530092644,
                "60": 0.019935518906473455
            },
            "t_stat": {
                "5": 1.466877880555459,
                "15": 1.7103020958005426,
                "30": 1.659209120508258,
                "60": 1.074284143788759
            },
            "p_value": {
                "5": 0.38092263234617674,
                "15": 0.33682762089919027,
                "30": 0.34530260927812106,
                "60": 0.4772111483996331
            }
        },
        "neutral": {
            "count": {
                "5": 4.0,
                "15": 4.0,
                "30": 4.0,
                "60": 4.0
            },
            "AAR": {
                "5": 0.00015722664342279603,
                "15": 0.0005718177963701669,
                "30": 3.1807724236322497e-06,
                "60": -1.9303552346140933e-05
            },
            "AAR_std": {
                "5": 0.0008470146755952437,
                "15": 0.00047194906718043774,
                "30": 0.000988707845441718,
                "60": 0.0004289341483299363
            },
            "CAAR": {
                "5": 0.00015722664342279603,
                "15": 0.000729044439792963,
                "30": 0.0007322252122165952,
                "60": 0.0007129216598704542
            },
            "t_stat": {
                "5": 0.37124892390395536,
                "15": 2.4232182501657404,
                "30": 0.0064342008375814965,
                "60": -0.09000706715144831
            },
            "p_value": {
                "5": 0.7351204366066364,
                "15": 0.09389794343769386,
                "30": 0.9952702290583646,
                "60": 0.9339541637942401
            }
        }
    },
    "market_model_stats": {
        "positive": {
            "avg_r_squared": 0.09960190017592097,
            "avg_adj_r_squared": 0.0995249233357205,
            "avg_rmse": 0.0013017479799886157,
            "avg_mae": 0.0006098777940893443,
            "avg_data_points": 11699.0,
            "count": 2.0
        },
        "negative": {
            "avg_r_squared": 0.09918523293281206,
            "avg_adj_r_squared": 0.09910822047089296,
            "avg_rmse": 0.0013035837141934631,
            "avg_mae": 0.0006105990829396249,
            "avg_data_points": 11699.0,
            "count": 2.0
        },
        "neutral": {
            "avg_r_squared": 0.07211165119062346,
            "avg_adj_r_squared": 0.07203232415387817,
            "avg_rmse": 0.0011981565174711394,
            "avg_mae": 0.0005768095471266276,
            "avg_data_points": 11699.0,
            "count": 4.0
        },
        "overall": {
            "avg_r_squared": 0.08575260887249499,
            "avg_adj_r_squared": 0.08567444802859245,
            "avg_rmse": 0.0012504111822810894,
            "avg_mae": 0.0005935239928205561,
            "avg_data_points": 11699.0,
            "count": 8.0
        }
    },
    "individual_event_caars_by_sentiment_window": {
        "positive": {
            "5": [
                -0.005820123024687375
            ],
            "15": [
                0.0014591319965831435,
                -0.0012186544010773283
            ],
            "30": [
                -0.008787374451701349,
                4.088964537784685e-05
            ],
            "60": [
                -0.0017927288360871513,
                0.0010466570376050774
            ]
        },
        "negative": {
            "5": [
                0.002246520267270066,
                4.1064804954048484e-05
            ],
            "15": [
                0.0010459938899750932,
                0.011037996810443746
            ],
            "30": [
                0.013122254706184285,
                0.001046030581358046
            ],
            "60": [
                -0.0017927288360871513,
                0.013123905588848774
            ]
        },
        "neutral": {
            "5": [
                0.0003079032343990233,
                0.0014330597731551235,
                -0.0008736890746603343,
                -0.0002383673592026284
            ],
            "15": [
                0.0006722621185461932,
                0.0012791638278498985,
                0.0003326247601063486,
                3.220478978227106e-06
            ],
            "30": [
                0.001269191846448393,
                -0.0015032996122358872,
                0.0001904709307076481,
                5.63599247743752e-05
            ],
            "60": [
                0.0006919854362167813,
                -0.0002812786306695729,
                -0.000417790241017611,
                -7.013077391416114e-05
            ]
        }
    }
}