market_session,count,total_return,avg_return,win_rate
Afternoon,3,-0.25246969031151406,-0.08415656343717136,0.6666666666666666
