{
    "ticker": "ABBV",
    "market_index": "SPY",
    "unique_news_events": 52,
    "events_by_sentiment": {
        "positive": 14,
        "negative": 9,
        "neutral": 10
    },
    "event_windows": [
        5,
        15,
        30,
        60
    ],
    "estimation_window": 30,
    "min_data_points": 200,
    "aar_caar": {
        "positive": {
            "count": {
                "5": 14.0,
                "15": 15.0,
                "30": 15.0,
                "60": 16.0
            },
            "AAR": {
                "5": -0.0004059469512398424,
                "15": 0.0002669298122786685,
                "30": 0.00010069748584014494,
                "60": 0.00017386250003450447
            },
            "AAR_std": {
                "5": 0.0013107219337925135,
                "15": 0.001997585143970414,
                "30": 0.00043375848728646207,
                "60": 0.0010882182937010172
            },
            "CAAR": {
                "5": -0.0004059469512398424,
                "15": -0.0001390171389611739,
                "30": -3.831965312102896e-05,
                "60": 0.0001355428469134755
            },
            "t_stat": {
                "5": -1.1588380186406193,
                "15": 0.5175322417079745,
                "30": 0.8991171287589714,
                "60": 0.6390721458769093
            },
            "p_value": {
                "5": 0.26736681161146936,
                "15": 0.6128647829323222,
                "30": 0.38379435768224734,
                "60": 0.5324143790812799
            }
        },
        "negative": {
            "count": {
                "5": 9.0,
                "15": 10.0,
                "30": 10.0,
                "60": 10.0
            },
            "AAR": {
                "5": -0.00040760582133507673,
                "15": -0.0011590337245517093,
                "30": 0.0003615952941881099,
                "60": -0.0003890912591345095
            },
            "AAR_std": {
                "5": 0.002213938884669651,
                "15": 0.0023362395184248837,
                "30": 0.0022861401398943985,
                "60": 0.0009496399488362028
            },
            "CAAR": {
                "5": -0.00040760582133507673,
                "15": -0.001566639545886786,
                "30": -0.001205044251698676,
                "60": -0.0015941355108331854
            },
            "t_stat": {
                "5": -0.5523266574667398,
                "15": -1.5688401919520336,
                "30": 0.5001726276001138,
                "60": -1.2956643178667198
            },
            "p_value": {
                "5": 0.595814087979643,
                "15": 0.15113058110357613,
                "30": 0.6289544858932752,
                "60": 0.22733338198187325
            }
        },
        "neutral": {
            "count": {
                "5": 10.0,
                "15": 12.0,
                "30": 14.0,
                "60": 14.0
            },
            "AAR": {
                "5": 0.0014251346633588336,
                "15": -0.00025895309613403256,
                "30": -0.00043604501830583827,
                "60": -8.244698763206926e-05
            },
            "AAR_std": {
                "5": 0.003159803254013695,
                "15": 0.0007861876597520544,
                "30": 0.0010807560437856773,
                "60": 0.0007137059278455079
            },
            "CAAR": {
                "5": 0.0014251346633588336,
                "15": 0.001166181567224801,
                "30": 0.0007301365489189627,
                "60": 0.0006476895612868935
            },
            "t_stat": {
                "5": 1.4262506701791284,
                "15": -1.1409996423064315,
                "30": -1.5096201155582565,
                "60": -0.4322345776530646
            },
            "p_value": {
                "5": 0.18754844002185656,
                "15": 0.27810221708549276,
                "30": 0.155057406030646,
                "60": 0.6726541607876841
            }
        }
    },
    "market_model_stats": {
        "positive": {
            "avg_r_squared": 0.1021520076983436,
            "avg_adj_r_squared": 0.10207524887195205,
            "avg_rmse": 0.001280176802894787,
            "avg_mae": 0.0006874906930549897,
            "avg_data_points": 11699.0,
            "count": 17.0
        },
        "negative": {
            "avg_r_squared": 0.04569855809887815,
            "avg_adj_r_squared": 0.045616972953806637,
            "avg_rmse": 0.001142348139728871,
            "avg_mae": 0.0006058581996476361,
            "avg_data_points": 11699.0,
            "count": 10.0
        },
        "neutral": {
            "avg_r_squared": 0.10952225259690397,
            "avg_adj_r_squared": 0.10944612386753715,
            "avg_rmse": 0.001321560528759482,
            "avg_mae": 0.000708224694229339,
            "avg_data_points": 11699.0,
            "count": 15.0
        },
        "overall": {
            "avg_r_squared": 0.09134294049557576,
            "avg_adj_r_squared": 0.09126525758034068,
            "avg_rmse": 0.0012621403566164837,
            "avg_mae": 0.0006754593855202684,
            "avg_data_points": 11699.0,
            "count": 42.0
        }
    },
    "individual_event_caars_by_sentiment_window": {
        "positive": {
            "5": [
                9.70370203163427e-06,
                0.00011783877602555876,
                -0.0006936852938477807,
                -0.0008583885206949096,
                -0.0006090748988257645,
                -0.0018259439534973982,
                -0.0011541133799994937,
                -0.0001598265209493799,
                0.0009389262420326917,
                0.0007055467324471573,
                0.0016379949233603077,
                -0.0039859523829251725,
                0.00031529297935482283,
                -0.00012157572187006686
            ],
            "15": [
                -0.00029644225974149324,
                -4.4708497382588146e-05,
                -0.00020079487636220667,
                0.0010594150595122686,
                0.00036906211705299097,
                -0.0022133456743960766,
                0.007011587233858591,
                0.0009505234174367968,
                -0.0006530668307115663,
                -0.0013695056899084312,
                0.00030752422356630625,
                -0.00021635441600741405,
                0.0009105284824399332,
                -0.000781181462904977,
                -0.0008292936422721053
            ],
            "30": [
                -0.0002043807919353661,
                -4.4708497382588146e-05,
                -0.00019668940046679918,
                -0.0005546459354210875,
                -0.00030645806158247676,
                0.0004558979552776675,
                -7.389937507546914e-05,
                -0.0005678301576088671,
                0.0007224027061444784,
                0.00045445889266543157,
                -0.00016888950697034263,
                0.00021812047098149863,
                0.0005549687661434716,
                0.0008293273379455236,
                0.00039278788488709943
            ],
            "60": [
                -0.0001887438921238071,
                -4.4708497382588146e-05,
                8.420815495335099e-05,
                0.0020990066741875613,
                -0.0004580687869284138,
                0.0004492674033910814,
                -0.0006815872106123163,
                0.00044051623892764374,
                -0.0001477498960302324,
                0.00278956659666419,
                -0.0006582224346375062,
                1.2471289448929041e-05,
                0.00041715292962962524,
                3.265784323045829e-05,
                0.0008293273379455236,
                -0.0021932937501114285
            ]
        },