market_session,count,total_return,avg_return,win_rate
Afternoon,14,-2.3904671833026905,-0.17074765595019217,0.42857142857142855
Midday,9,-3.8131415205873007,-0.42368239117636675,0.4444444444444444
