market_session,count,total_return,avg_return,win_rate
Midday,5,1.181637242876361,0.23632744857527221,0.6
Afternoon,10,-2.743332913297462,-0.2743332913297462,0.4
