{
    "ticker": "SJM",
    "market_index": "SPY",
    "unique_news_events": 7,
    "events_by_sentiment": {
        "positive": 0,
        "negative": 4,
        "neutral": 1
    },
    "event_windows": [
        5,
        15,
        30,
        60
    ],
    "estimation_window": 30,
    "min_data_points": 200,
    "aar_caar": {
        "positive": {
            "count": {
                "5": 0.0,
                "15": 0.0,
                "30": 0.0,
                "60": 0.0
            },
            "AAR": {
                "5": 0.0,
                "15": 0.0,
                "30": 0.0,
                "60": 0.0
            },
            "AAR_std": {
                "5": 0.0,
                "15": 0.0,
                "30": 0.0,
                "60": 0.0
            },
            "CAAR": {
                "5": 0.0,
                "15": 0.0,
                "30": 0.0,
                "60": 0.0
            },
            "t_stat": {
                "5": 0.0,
                "15": 0.0,
                "30": 0.0,
                "60": 0.0
            },
            "p_value": {
                "5": 1.0,
                "15": 1.0,
                "30": 1.0,
                "60": 1.0
            }
        },
        "negative": {
            "count": {
                "5": 4.0,
                "15": 4.0,
                "30": 4.0,
                "60": 4.0
            },
            "AAR": {
                "5": 0.001093766509031772,
                "15": -0.010320548553246585,
                "30": 0.002080338087848759,
                "60": -0.0024151032805941413
            },
            "AAR_std": {
                "5": 0.014451897883995361,
                "15": 0.0085015697551876,
                "30": 0.0024531998362301815,
                "60": 0.006455402741320546
            },
            "CAAR": {
                "5": 0.001093766509031772,
                "15": -0.009226782044214812,
                "30": -0.007146443956366053,
                "60": -0.009561547236960195
            },
            "t_stat": {
                "5": 0.15136648733770183,
                "15": -2.4279159850330125,
                "30": 1.6960200772274652,
                "60": -0.7482424807162681
            },
            "p_value": {
                "5": 0.889292377250094,
                "15": 0.0935040987753144,
                "30": 0.18845137791495303,
                "60": 0.5086314406413628
            }
        },
        "neutral": {
            "count": {
                "5": 1.0,
                "15": 1.0,
                "30": 1.0,
                "60": 2.0
            },
            "AAR": {
                "5": -0.004733947610742739,
                "15": 0.02421112640307028,
                "30": -0.008505370869600683,
                "60": -0.0014053737753922534
            },
            "AAR_std": {
                "5": 0.0,
                "15": 0.0,
                "30": 0.0,
                "60": 0.0013822970224157689
            },
            "CAAR": {
                "5": -0.004733947610742739,
                "15": 0.01947717879232754,
                "30": 0.010971807922726859,
                "60": 0.009566434147334605
            },
            "t_stat": {
                "5": 0.0,
                "15": 0.0,
                "30": 0.0,
                "60": -1.4378231459182025
            },
            "p_value": {
                "5": 1.0,
                "15": 1.0,
                "30": 1.0,
                "60": 0.38687168991420817
            }
        }
    },
    "market_model_stats": {
        "positive": {
            "avg_r_squared": null,
            "avg_adj_r_squared": null,
            "avg_rmse": null,
            "avg_mae": null,
            "avg_data_points": null,
            "count": 0.0
        },
        "negative": {
            "avg_r_squared": 0.0029838389358717854,
            "avg_adj_r_squared": 0.0028879291730747603,
            "avg_rmse": 0.0011419440774884167,
            "avg_mae": 0.0005269303981398612,
            "avg_data_points": 10397.75,
            "count": 4.0
        },
        "neutral": {
            "avg_r_squared": 0.003513715160247677,
            "avg_adj_r_squared": 0.003419721079798488,
            "avg_rmse": 0.0010656538669443713,
            "avg_mae": 0.0005297815531651028,
            "avg_data_points": 10610.5,
            "count": 2.0
        },
        "overall": {
            "avg_r_squared": 0.0031604643439970825,
            "avg_adj_r_squared": 0.0030651931419826695,
            "avg_rmse": 0.0011165140073070682,
            "avg_mae": 0.0005278807831482751,
            "avg_data_points": 10468.666666666666,
            "count": 6.0
        }
    },
    "individual_event_caars_by_sentiment_window": {
        "positive": {
            "5": [],
            "15": [],
            "30": [],
            "60": []
        },
        "negative": {
            "5": [
                -0.0004902752805251742,
                -0.003928921221364011,
                -0.015425436575429677,
                0.024219699113445948
            ],
            "15": [
                -0.005084224569659089,
                0.0004676171321837619,
                -0.021240628571845378,
                -0.015424958203665637
            ],
            "30": [
                -0.00037884753566844187,
                -0.0003446661121234332,
                0.004851722635919921,
                0.004193143363266989
            ],
            "60": [
                0.0008652391851930078,
                0.0010789083731325942,
                0.0019686332871795683,
                -0.013573193967881736
            ]
        },
        "neutral": {
            "5": [
                -0.004733947610742739
            ],
            "15": [
                0.02421112640307028
            ],
            "30": [
                -0.008505370869600683
            ],
            "60": [
                -0.0027876707978080222,
                -2.307675297648453e-05
            ]
        }
    }
}