market_session,count,total_return,avg_return,win_rate
Midday,4,-2.2915664630436288,-0.5728916157609072,0.25
Afternoon,6,1.9795390632349361,0.3299231772058227,0.6666666666666666
