day_of_week,count,total_return,avg_return,win_rate
Thursday,6,-2.5109604732245834,-0.41849341220409725,0.3333333333333333
Monday,1,-0.45126117301334434,-0.45126117301334434,0.0
