{
  "available_windows": [
    5,
    15,
    30,
    60
  ],
  "aar_means": {
    "positive": {
      "5": 0.0003005321696352498,
      "15": -8.419347862411331e-05,
      "30": 1.5220392029751315e-05,
      "60": 0.0004916546585379273
    },
    "negative": {
      "5": 4.3912742629523044e-05,
      "15": -0.00012854143662386643,
      "30": 0.0001354197631882393,
      "60": -4.3885004357669937e-05
    },
    "neutral": {
      "5": -0.00019260415281679492,
      "15": 0.0005715466261069183,
      "30": -0.00010789655888322624,
      "60": -3.166300014325367e-05
    }
  },
  "caar_means": {
    "positive": {
      "5": 0.0003005321696352498,
      "15": 0.00021633869101113655,
      "30": 0.0002315590830408878,
      "60": 0.0007232137415788154
    },
    "negative": {
      "5": 4.3912742629523044e-05,
      "15": -8.462869399434332e-05,
      "30": 5.0791069193895915e-05,
      "60": 6.906064836225989e-06
    },
    "neutral": {
      "5": -0.00019260415281679492,
      "15": 0.00037894247329012335,
      "30": 0.0002710459144068972,
      "60": 0.0002393829142636435
    }
  }
}