{
    "ticker": "AMGN",
    "market_index": "SPY",
    "unique_news_events": 54,
    "events_by_sentiment": {
        "positive": 13,
        "negative": 7,
        "neutral": 12
    },
    "event_windows": [
        5,
        15,
        30,
        60
    ],
    "estimation_window": 30,
    "min_data_points": 200,
    "aar_caar": {
        "positive": {
            "count": {
                "5": 13.0,
                "15": 15.0,
                "30": 15.0,
                "60": 15.0
            },
            "AAR": {
                "5": 0.00023787944876163883,
                "15": -0.0003656267766578304,
                "30": -0.00011190145104423543,
                "60": -0.00022366962515675407
            },
            "AAR_std": {
                "5": 0.0014272438144226295,
                "15": 0.0013441033438624415,
                "30": 0.0007214806685499304,
                "60": 0.001374588792446889
            },
            "CAAR": {
                "5": 0.00023787944876163883,
                "15": -0.00012774732789619158,
                "30": -0.00023964877894042702,
                "60": -0.00046331840409718106
            },
            "t_stat": {
                "5": 0.600939055557345,
                "15": -1.0535398363447561,
                "30": -0.6006986398981738,
                "60": -0.6302020924690718
            },
            "p_value": {
                "5": 0.5590608567870778,
                "15": 0.30993784599957763,
                "30": 0.5576410506742422,
                "60": 0.5387132439240048
            }
        },
        "negative": {
            "count": {
                "5": 7.0,
                "15": 7.0,
                "30": 8.0,
                "60": 11.0
            },
            "AAR": {
                "5": 0.0003617922507542045,
                "15": -0.00017223900883683255,
                "30": -0.00036112121399968413,
                "60": -0.0008415074632610403
            },
            "AAR_std": {
                "5": 0.0019048344130578646,
                "15": 0.0005100159623042154,
                "30": 0.001283871788867457,
                "60": 0.0021902484850743857
            },
            "CAAR": {
                "5": 0.0003617922507542045,
                "15": 0.00018955324191737195,
                "30": -0.00017156797208231218,
                "60": -0.0010130754353433525
            },
            "t_stat": {
                "5": 0.5025173396722268,
                "15": -0.8935045510883393,
                "30": -0.7955662285398397,
                "60": -1.274268437092819
            },
            "p_value": {
                "5": 0.6332107928680504,
                "15": 0.4059967258690227,
                "30": 0.45241304129075965,
                "60": 0.23138383636020898
            }
        },
        "neutral": {
            "count": {
                "5": 12.0,
                "15": 13.0,
                "30": 14.0,
                "60": 14.0
            },
            "AAR": {
                "5": -0.0002046043289405975,
                "15": -9.294558007333696e-05,
                "30": -0.000775859166908288,
                "60": -0.0013087383150957137
            },
            "AAR_std": {
                "5": 0.0008024147140362113,
                "15": 0.0015456489044480678,
                "30": 0.0013749350813657846,
                "60": 0.0030710471110495827
            },
            "CAAR": {
                "5": -0.0002046043289405975,
                "15": -0.00029754990901393447,
                "30": -0.0010734090759222225,
                "60": -0.002382147391017936
            },
            "t_stat": {
                "5": -0.8832965970702711,
                "15": -0.21681512134984346,
                "30": -2.1113718184243235,
                "60": -1.5945214146709645
            },
            "p_value": {
                "5": 0.39597035336144804,
                "15": 0.8319947589960472,
                "30": 0.05467164162282634,
                "60": 0.134832527073373
            }
        }
    },
    "market_model_stats": {
        "positive": {
            "avg_r_squared": 0.0912626250281391,
            "avg_adj_r_squared": 0.09118493524657356,
            "avg_rmse": 0.0012274504045635057,
            "avg_mae": 0.0006454182938266566,
            "avg_data_points": 11699.0,
            "count": 16.0
        },
        "negative": {
            "avg_r_squared": 0.10705791092384155,
            "avg_adj_r_squared": 0.10698157151296038,
            "avg_rmse": 0.0012980369912663125,
            "avg_mae": 0.0006857356151484873,
            "avg_data_points": 11699.0,
            "count": 11.0
        },
        "neutral": {
            "avg_r_squared": 0.11239072554380523,
            "avg_adj_r_squared": 0.1123148420459462,
            "avg_rmse": 0.0012747865796675156,
            "avg_mae": 0.0006782616809180943,
            "avg_data_points": 11699.0,
            "count": 15.0
        },
        "overall": {
            "avg_r_squared": 0.10294523580403717,
            "avg_adj_r_squared": 0.10286854479230799,
            "avg_rmse": 0.001262843144570435,
            "avg_mae": 0.0006677073733721734,
            "avg_data_points": 11699.0,
            "count": 42.0
        }
    },
    "individual_event_caars_by_sentiment_window": {
        "positive": {
            "5": [
                -0.0006220095974752857,
                -2.042715729447421e-05,
                0.003165748271258362,
                0.002961977312304594,
                0.0005175001647817263,
                -0.001223470356216566,
                -0.0016024319698002033,
                0.00019644626278617007,
                0.0012397419148754824,
                0.0003234596207136113,
                -0.0009472066712135987,
                -0.001049406164300053,
                0.0001525112034815397
            ],
            "15": [
                -0.00011651663771327453,
                0.0008046791138105341,
                0.0017963060187732992,
                -0.0015337211563413349,
                -0.0024358296676972426,
                7.136709387579948e-05,
                -0.003268328367409298,
                0.001523560124545358,
                0.0008936539548728142,
                -7.787108552520554e-06,
                -0.0014937584363821522,
                -0.000719178393907241,
                -0.00033451445060084695,
                -0.00047880578635220704,
                -0.0001855279507891442
            ],
            "30": [
                -0.00018136289377499527,
                -0.00018938837861097514,
                -2.6401214081614662e-05,
                -0.0012642376232376731,
                -0.0012641553204388637,
                0.00034034151546101114,
                0.0012027658416239235,
                0.0004138704090963076,
                0.0008936539548728142,
                -9.240447845814336e-05,
                0.00023447866664564422,
                -0.00044621759594136543,
                -4.22129346266594e-05,
                0.00012730583842833368,
                -0.0013845575526212758
            ],
            "60": [
                7.983472527477928e-05,
                -1.9678368017773777e-05,
                0.0015367020540473513,
                -0.003471877276955548,
                -0.0034717973050692554,
                7.364487069815869e-06,
                -0.0006323411454095106,
                0.0006748130585066681,
                0.0008936539548728142,
                -0.00011317159476372416,
                -0.0002870630570501767,
                0.0007817961810277535,
                0.00031713777225507477,
                0.0003930985019027508,
                -4.351636504233095e-05
            ]
        },