{
    "ticker": "BMY",
    "market_index": "SPY",
    "unique_news_events": 58,
    "events_by_sentiment": {
        "positive": 17,
        "negative": 14,
        "neutral": 16
    },
    "event_windows": [
        5,
        15,
        30,
        60
    ],
    "estimation_window": 30,
    "min_data_points": 200,
    "aar_caar": {
        "positive": {
            "count": {
                "5": 17.0,
                "15": 19.0,
                "30": 19.0,
                "60": 19.0
            },
            "AAR": {
                "5": 0.0003043801433597217,
                "15": -0.00043063624632672174,
                "30": -0.00066369007797429,
                "60": -0.0006950287202785189
            },
            "AAR_std": {
                "5": 0.001803538161037436,
                "15": 0.001998624070795477,
                "30": 0.0024415625651040143,
                "60": 0.0014150336975420183
            },
            "CAAR": {
                "5": 0.0003043801433597217,
                "15": -0.00012625610296700004,
                "30": -0.0007899461809412901,
                "60": -0.0014849749012198089
            },
            "t_stat": {
                "5": 0.6958496961832397,
                "15": -0.939196073234903,
                "30": -1.1848797245944487,
                "60": -2.1409807835777723
            },
            "p_value": {
                "5": 0.49650706303890635,
                "15": 0.36006333868704066,
                "30": 0.25147393421696074,
                "60": 0.04621270686242629
            }
        },
        "negative": {
            "count": {
                "5": 14.0,
                "15": 14.0,
                "30": 15.0,
                "60": 16.0
            },
            "AAR": {
                "5": 0.0005282420144079831,
                "15": -0.000258437919320349,
                "30": -6.60776042451968e-05,
                "60": 7.306325019454995e-06
            },
            "AAR_std": {
                "5": 0.001779284576637311,
                "15": 0.0012411543138840274,
                "30": 0.0007813171659166893,
                "60": 0.0007526417459338276
            },
            "CAAR": {
                "5": 0.0005282420144079831,
                "15": 0.0002698040950876341,
                "30": 0.00020372649084243733,
                "60": 0.0002110328158618923
            },
            "t_stat": {
                "5": 1.1108400877331195,
                "15": -0.7791022752210538,
                "30": -0.32754618989930123,
                "60": 0.0388302937429536
            },
            "p_value": {
                "5": 0.28676093834717387,
                "15": 0.4498700788448762,
                "30": 0.7481014097384575,
                "60": 0.9695377882969602
            }
        },
        "neutral": {
            "count": {
                "5": 16.0,
                "15": 16.0,
                "30": 16.0,
                "60": 16.0
            },
            "AAR": {
                "5": -5.826615013314291e-06,
                "15": -0.0002675513753369084,
                "30": -0.00018068175053107742,
                "60": -3.534615058532265e-05
            },
            "AAR_std": {
                "5": 0.0013950510151422633,
                "15": 0.0019947058765118113,
                "30": 0.002270989030648442,
                "60": 0.0009324548953335763
            },
            "CAAR": {
                "5": -5.826615013314291e-06,
                "15": -0.0002733779903502227,
                "30": -0.00045405974088130014,
                "60": -0.0004894058914666228
            },
            "t_stat": {
                "5": -0.01670652886545546,
                "15": -0.536522960076263,
                "30": -0.318243281834764,
                "60": -0.15162621060690737
            },
            "p_value": {
                "5": 0.9868909315804517,
                "15": 0.5994648358300945,
                "30": 0.7546881861981691,
                "60": 0.8815022518366264
            }
        }
    },
    "market_model_stats": {
        "positive": {
            "avg_r_squared": 0.046201524286364114,
            "avg_adj_r_squared": 0.04611998214088116,
            "avg_rmse": 0.0013410193607964762,
            "avg_mae": 0.0006889712654432464,
            "avg_data_points": 11699.0,
            "count": 19.0
        },
        "negative": {
            "avg_r_squared": 0.05566328800213805,
            "avg_adj_r_squared": 0.05558255476182016,
            "avg_rmse": 0.001464961892845572,
            "avg_mae": 0.000729141057279223,
            "avg_data_points": 11699.0,
            "count": 16.0
        },
        "neutral": {
            "avg_r_squared": 0.05485612057687691,
            "avg_adj_r_squared": 0.05477531833019627,
            "avg_rmse": 0.0014331767141854191,
            "avg_mae": 0.0007249873097879662,
            "avg_data_points": 11699.0,
            "count": 16.0
        },
        "overall": {
            "avg_r_squared": 0.05188508820990505,
            "avg_adj_r_squared": 0.05180403196370598,
            "avg_rmse": 0.0014088154032868409,
            "avg_mae": 0.0007128727042450336,
            "avg_data_points": 11699.0,
            "count": 51.0
        }
    },
    "individual_event_caars_by_sentiment_window": {
        "positive": {
            "5": [
                -0.0004015459055584528,
                -0.00019458198270464844,
                4.004702942459439e-05,
                0.004711720264617686,
                0.00012671347997492393,
                -0.0008647028434519156,
                -0.0010899075423740734,
                7.29915667533569e-05,
                0.0032601564852143437,
                -0.0030791160443448574,
                -0.0017293293357319424,
                0.0028254592755351765,
                -0.0003575368895293536,
                0.00032486531788014346,
                6.729261715201987e-06,
                0.0008990008660455249,
                0.0006234994336495593
            ],
            "15": [
                -0.0005504651038372389,
                -0.0008106201938572067,
                -0.0006523344747167028,
                -0.003071844717962031,
                0.0006097717147741281,
                0.001760004477725509,
                0.0003136220444958025,
                -0.0012424774956068944,
                -0.004740824332222103,
                -0.004740824332222103,
                0.0023459754478162074,
                -0.0018858613092940556,
                7.06744394186766e-05,
                5.83311576562608e-05,
                0.00042166665082563244,
                0.00015082525149426437,
                1.960239707260721e-05,
                0.0008357871546821427,
                0.0029269025435493916
            ],
            "30": [
                -2.3667929435252715e-05,
                -0.00503839305840909,
                -0.0007863827429684333,
                6.626928320597986e-06,
                0.0005607411498941208,
                -0.001398641349303536,
                -0.0026658058883261494,
                0.005075253680925155,
                0.0001244219827227672,
                0.0001244219827227672,
                0.000191809690242843,
                0.0002348892742277167,
                -0.007249804665778525,
                -0.0004746826986941774,
                0.0003160836455162032,
                -0.0006659876727230855,
                -0.0006830028975541465,
                0.001679545330017107,
                -0.0019375362429083938
            ],