market_session,count,total_return,avg_return,win_rate
Midday,2,5.359681691091166,2.679840845545583,1.0
Afternoon,2,-3.5590457812398064,-1.7795228906199032,0.0
