market_session,count,total_return,avg_return,win_rate
Afternoon,2,2.168834692941344,1.084417346470672,1.0
Midday,8,-3.0941226409862512,-0.3867653301232814,0.125
