{
    "ticker": "KO",
    "market_index": "SPY",
    "unique_news_events": 62,
    "events_by_sentiment": {
        "positive": 8,
        "negative": 11,
        "neutral": 16
    },
    "event_windows": [
        5,
        15,
        30,
        60
    ],
    "estimation_window": 30,
    "min_data_points": 200,
    "aar_caar": {
        "positive": {
            "count": {
                "5": 8.0,
                "15": 8.0,
                "30": 8.0,
                "60": 10.0
            },
            "AAR": {
                "5": 2.8238864115083805e-05,
                "15": 0.0006513368799713781,
                "30": -2.419325668165413e-05,
                "60": -0.00036370206902608767
            },
            "AAR_std": {
                "5": 0.00028377414595609984,
                "15": 0.0011885779049695146,
                "30": 0.0002732420977643799,
                "60": 0.0007566711705085397
            },
            "CAAR": {
                "5": 2.8238864115083805e-05,
                "15": 0.0006795757440864619,
                "30": 0.0006553824874048077,
                "60": 0.00029168041837872007
            },
            "t_stat": {
                "5": 0.2814617553196022,
                "15": 1.549968993160655,
                "30": -0.25043309209748715,
                "60": -1.5199824873270162
            },
            "p_value": {
                "5": 0.7864948721051417,
                "15": 0.1650824947894789,
                "30": 0.8094437806827621,
                "60": 0.1628363324278157
            }
        },
        "negative": {
            "count": {
                "5": 11.0,
                "15": 12.0,
                "30": 16.0,
                "60": 17.0
            },
            "AAR": {
                "5": 5.192188863963776e-05,
                "15": 1.1648481748354099e-05,
                "30": -7.730384409254486e-05,
                "60": -9.763124059745952e-05
            },
            "AAR_std": {
                "5": 0.00030465781882795635,
                "15": 0.0004966225362547193,
                "30": 0.0011412431833796519,
                "60": 0.0004985078879194249
            },
            "CAAR": {
                "5": 5.192188863963776e-05,
                "15": 6.357037038799186e-05,
                "30": -1.3733473704553e-05,
                "60": -0.00011136471430201252
            },
            "t_stat": {
                "5": 0.5652420925442958,
                "15": 0.08125189956679627,
                "30": -0.27094608833016287,
                "60": -0.8074975885005071
            },
            "p_value": {
                "5": 0.5843667423010532,
                "15": 0.9367011584291716,
                "30": 0.7901254569314877,
                "60": 0.43122148036010377
            }
        },
        "neutral": {
            "count": {
                "5": 16.0,
                "15": 18.0,
                "30": 20.0,
                "60": 21.0
            },
            "AAR": {
                "5": -0.0007684897103603845,
                "15": 0.0005689992913441108,
                "30": 1.0679645681152517e-06,
                "60": -0.0001385325613842884
            },
            "AAR_std": {
                "5": 0.0015850723637723843,
                "15": 0.0015701064348440858,
                "30": 0.0006127904961548064,
                "60": 0.000513038308641336
            },
            "CAAR": {
                "5": -0.0007684897103603845,
                "15": -0.0001994904190162737,
                "30": -0.00019842245444815843,
                "60": -0.0003369550158324468
            },
            "t_stat": {
                "5": -1.9393176688322837,
                "15": 1.5375133117254463,
                "30": 0.007793989583231487,
                "60": -1.2374045720695497
            },
            "p_value": {
                "5": 0.07150841747516168,
                "15": 0.14257151174394456,
                "30": 0.9938626133743227,
                "60": 0.23026858691213348
            }
        }
    },
    "market_model_stats": {
        "positive": {
            "avg_r_squared": 0.1304048597214688,
            "avg_adj_r_squared": 0.13033051628808598,
            "avg_rmse": 0.0008325086762247047,
            "avg_mae": 0.0004848973275092767,
            "avg_data_points": 11699.0,
            "count": 10.0
        },
        "negative": {
            "avg_r_squared": 0.08682865827970648,
            "avg_adj_r_squared": 0.08675058942942689,
            "avg_rmse": 0.00076286628687936,
            "avg_mae": 0.0004479357120799913,
            "avg_data_points": 11699.0,
            "count": 17.0
        },
        "neutral": {
            "avg_r_squared": 0.0784615061946862,
            "avg_adj_r_squared": 0.07838272201978613,
            "avg_rmse": 0.0007698493279222482,
            "avg_mae": 0.0004549471632673872,
            "avg_data_points": 11699.0,
            "count": 23.0
        },
        "overall": {
            "avg_r_squared": 0.0916950086089496,
            "avg_adj_r_squared": 0.09161735579272395,
            "avg_rmse": 0.0007800069636281576,
            "avg_mae": 0.0004585533027120505,
            "avg_data_points": 11699.0,
            "count": 50.0
        }
    },
    "individual_event_caars_by_sentiment_window": {
        "positive": {
            "5": [
                -9.071703800653819e-05,
                0.0001483319716746919,
                0.0005219796370699776,
                0.00029267123744885966,
                -0.0004338712278628814,
                -1.0904525648248833e-05,
                -0.0002644511410210185,
                6.287199926582825e-05
            ],
            "15": [
                6.080852938933686e-06,
                -0.0001595111351634375,
                0.0002828548054218268,
                1.5011555481849153e-05,
                0.0023694512793127403,
                -6.019808397052381e-05,
                -0.00022952087345465389,
                0.00298652663920429
            ],
            "30": [
                -0.00016820006418084144,
                0.0001024828248207221,
                0.00034350947411149283,
                -0.0002484469065089236,
                0.0004137618868540713,
                -0.00043394228514650416,
                -6.01052256594711e-05,
                -0.000142605757743779
            ],
            "60": [
                -0.00033760604973778166,
                -0.00016781408413712475,
                -0.00031752089343146906,
                0.00017663680144961507,
                -0.0009996152473270568,
                0.0011103021237510043,
                0.00015026661774357052,
                -0.0018332622254098538,
                -0.0004328228588072654,
                -0.000985584874354515
            ]
        },
        "negative": {
            "5": [
                0.00041613257421362505,
                -8.461927833073812e-05,
                -2.0807273737662494e-05,
                0.00019424424868238333,
                0.00019424424868238333,
                -1.040488922407069e-05,
                8.081729887319457e-05,
                8.885453113647741e-05,
                -0.0007227457335522134,
                0.0005029491912963988,
                -6.752414300376254e-05
            ],
            "15": [
                -3.3043078037527715e-05,
                7.634879521497327e-05,
                0.00047442662084312454,
                -0.00021374197353597388,
                -0.00021374197353597388,
                0.00039386150699318324,
                -0.001038555798439391,
                0.00041437501011271565,
                -0.0005246818091268726,
                0.0009708286510910834,
                -0.0001032079271201342,
                -6.308624347895748e-05
            ],