{
    "ticker": "GIS",
    "market_index": "SPY",
    "unique_news_events": 20,
    "events_by_sentiment": {
        "positive": 1,
        "negative": 9,
        "neutral": 2
    },
    "event_windows": [
        5,
        15,
        30,
        60
    ],
    "estimation_window": 30,
    "min_data_points": 200,
    "aar_caar": {
        "positive": {
            "count": {
                "5": 1.0,
                "15": 1.0,
                "30": 1.0,
                "60": 1.0
            },
            "AAR": {
                "5": -0.0004843469239128654,
                "15": 0.000961931021505834,
                "30": -0.0001496608333787853,
                "60": 0.0002546534406921985
            },
            "AAR_std": {
                "5": 0.0,
                "15": 0.0,
                "30": 0.0,
                "60": 0.0
            },
            "CAAR": {
                "5": -0.0004843469239128654,
                "15": 0.00047758409759296856,
                "30": 0.00032792326421418323,
                "60": 0.0005825767049063818
            },
            "t_stat": {
                "5": 0.0,
                "15": 0.0,
                "30": 0.0,
                "60": 0.0
            },
            "p_value": {
                "5": 1.0,
                "15": 1.0,
                "30": 1.0,
                "60": 1.0
            }
        },
        "negative": {
            "count": {
                "5": 9.0,
                "15": 10.0,
                "30": 10.0,
                "60": 10.0
            },
            "AAR": {
                "5": -0.0004921607734486634,
                "15": 0.00044953046265373364,
                "30": -0.00015067697420701576,
                "60": -0.0004431804667812485
            },
            "AAR_std": {
                "5": 0.002444339685118938,
                "15": 0.0016798308836180739,
                "30": 0.0015821761110525428,
                "60": 0.001272681446870178
            },
            "CAAR": {
                "5": -0.0004921607734486634,
                "15": -4.263031079492971e-05,
                "30": -0.00019330728500194548,
                "60": -0.000636487751783194
            },
            "t_stat": {
                "5": -0.6040413815374219,
                "15": 0.8462400313496434,
                "30": -0.30115637956360813,
                "60": -1.1011865482692897
            },
            "p_value": {
                "5": 0.5625494579917252,
                "15": 0.4193496288551415,
                "30": 0.770136991796623,
                "60": 0.29939299160590216
            }
        },
        "neutral": {
            "count": {
                "5": 2.0,
                "15": 3.0,
                "30": 4.0,
                "60": 4.0
            },
            "AAR": {
                "5": 0.00021373086390287922,
                "15": 0.0062755754278446966,
                "30": -0.0009783855405078304,
                "60": -0.000942328609030465
            },
            "AAR_std": {
                "5": 0.0002010360114082539,
                "15": 0.008980060509048326,
                "30": 0.001473417522676818,
                "60": 0.0011618092697774725
            },
            "CAAR": {
                "5": 0.00021373086390287922,
                "15": 0.006489306291747576,
                "30": 0.005510920751239746,
                "60": 0.004568592142209281
            },
            "t_stat": {
                "5": 1.503517127662035,
                "15": 1.2104167312464726,
                "30": -1.3280492806008677,
                "60": -1.6221743681059702
            },
            "p_value": {
                "5": 0.3736462548933328,
                "15": 0.3497557971125711,
                "30": 0.2761609867165802,
                "60": 0.20321920912212832
            }
        }
    },
    "market_model_stats": {
        "positive": {
            "avg_r_squared": 0.07391940738724201,
            "avg_adj_r_squared": 0.07384023489920122,
            "avg_rmse": 0.0010524214124970114,
            "avg_mae": 0.0005739431280819417,
            "avg_data_points": 11699.0,
            "count": 1.0
        },
        "negative": {
            "avg_r_squared": 0.0028951555084658852,
            "avg_adj_r_squared": 0.002809911014622002,
            "avg_rmse": 0.0011637655813706031,
            "avg_mae": 0.0005996031004162725,
            "avg_data_points": 11699.0,
            "count": 10.0
        },
        "neutral": {
            "avg_r_squared": 0.002763953799338692,
            "avg_adj_r_squared": 0.0026786980887974488,
            "avg_rmse": 0.0011723099722446525,
            "avg_mae": 0.0006228056200634972,
            "avg_data_points": 11699.0,
            "count": 4.0
        },
        "overall": {
            "avg_r_squared": 0.007595118511283709,
            "avg_adj_r_squared": 0.0075102758267074025,
            "avg_rmse": 0.0011586211410121103,
            "avg_mae": 0.000604079774166577,
            "avg_data_points": 11699.0,
            "count": 15.0
        }
    },
    "individual_event_caars_by_sentiment_window": {
        "positive": {
            "5": [
                -0.0004843469239128654
            ],
            "15": [
                0.000961931021505834
            ],
            "30": [
                -0.0001496608333787853
            ],
            "60": [
                0.0002546534406921985
            ]
        },
        "negative": {
            "5": [
                -1.8422496516476416e-05,
                -0.000716631785874378,
                0.0020322269810975633,
                0.001711444643405185,
                -0.003419710649977184,
                -0.0008565060461487926,
                0.0034021489667371593,
                -0.004472504921632063,
                -0.002091491652128984
            ],
            "15": [
                0.0006022518105804017,
                -0.0008702118307647911,
                -0.0021383813035228457,
                -0.00021390571219874499,
                0.0012137592044422854,
                0.001214020019212221,
                -0.002077703881936351,
                0.001712125254594594,
                0.0034033816972839524,
                0.001649969368846614
            ],
            "30": [
                0.0006022518105804017,
                -2.2910119131510662e-05,
                0.0018362162063055504,
                -0.0013076871803886663,
                0.0020316006204738695,
                0.0020319027715801088,
                -0.0017100021915951189,
                -0.0017093110954234396,
                -0.0020783083318746953,
                -0.0011805222325966575
            ],
            "60": [
                0.00015489710023114305,
                0.0008223500749178757,
                -0.0008794447698834661,
                -0.0003829452887730197,
                -0.0022722292987012974,
                -0.0022719100909070543,
                0.002207934700993729,
                -0.000716670029889611,
                -0.0002080950210226238,
                -0.0008856920447781611
            ]
        },
        "neutral": {
            "5": [
                0.00041476687531113315,
                1.2694852494625311e-05
            ],
            "15": [
                -1.9153187478687754e-05,
                0.018975139684409552,
                -0.00012926021339677558
            ],
            "30": [
                -0.00019510207259809673,
                0.00047574821084321877,
                -0.0034110159362585116,
                -0.000783172364017932
            ],
            "60": [
                0.0004246616812168612,
                -0.0024135308100995735,
                -0.0017150482976570985,
                -6.53970095820497e-05
            ]
        }
    }
}