{
    "ticker": "AXP",
    "market_index": "SPY",
    "unique_news_events": 61,
    "events_by_sentiment": {
        "positive": 22,
        "negative": 4,
        "neutral": 10
    },
    "event_windows": [
        5,
        15,
        30,
        60
    ],
    "estimation_window": 30,
    "min_data_points": 200,
    "aar_caar": {
        "positive": {
            "count": {
                "5": 22.0,
                "15": 22.0,
                "30": 23.0,
                "60": 24.0
            },
            "AAR": {
                "5": -1.5541727493121075e-05,
                "15": -0.0003392127932922613,
                "30": -6.181896062684364e-05,
                "60": 0.000269859600875305
            },
            "AAR_std": {
                "5": 0.0018360596603225505,
                "15": 0.0012095052602425357,
                "30": 0.0006607585360004338,
                "60": 0.0011031654516246501
            },
            "CAAR": {
                "5": -1.5541727493121075e-05,
                "15": -0.00035475452078538236,
                "30": -0.000416573481412226,
                "60": -0.00014671388053692102
            },
            "t_stat": {
                "5": -0.03970304731590799,
                "15": -1.3154544125527037,
                "30": -0.44868632633517713,
                "60": 1.1984028748582167
            },
            "p_value": {
                "5": 0.9687049130206544,
                "15": 0.20253942869952635,
                "30": 0.6580462318316123,
                "60": 0.24296331625576384
            }
        },
        "negative": {
            "count": {
                "5": 4.0,
                "15": 4.0,
                "30": 6.0,
                "60": 7.0
            },
            "AAR": {
                "5": -0.00023589913592992088,
                "15": -0.0005930551547283023,
                "30": 0.00119821286560032,
                "60": 0.0023586626814702106
            },
            "AAR_std": {
                "5": 0.0002284812551786972,
                "15": 0.001458054416401908,
                "30": 0.0012518697288033808,
                "60": 0.0028411930071188213
            },
            "CAAR": {
                "5": -0.00023589913592992088,
                "15": -0.0008289542906582232,
                "30": 0.0003692585749420969,
                "60": 0.0027279212564123075
            },
            "t_stat": {
                "5": -2.0649320728339142,
                "15": -0.8134883692363215,
                "30": 2.344501233977674,
                "60": 2.196413572123772
            },
            "p_value": {
                "5": 0.13087578184546045,
                "15": 0.4755036985404544,
                "30": 0.06600970175504384,
                "60": 0.07044941969383345
            }
        },
        "neutral": {
            "count": {
                "5": 10.0,
                "15": 10.0,
                "30": 11.0,
                "60": 11.0
            },
            "AAR": {
                "5": 0.00010749414178862736,
                "15": 0.0002818012397223185,
                "30": -0.00011134966975718154,
                "60": -0.00035543438882684427
            },
            "AAR_std": {
                "5": 0.0007422319605494507,
                "15": 0.0009265921680981452,
                "30": 0.00046006384205939165,
                "60": 0.0008336182106266554
            },
            "CAAR": {
                "5": 0.00010749414178862736,
                "15": 0.00038929538151094583,
                "30": 0.0002779457117537643,
                "60": -7.748867707307996e-05
            },
            "t_stat": {
                "5": 0.4579785582468207,
                "15": 0.9617324597192716,
                "30": -0.802725711852139,
                "60": -1.414127582987614
            },
            "p_value": {
                "5": 0.6578244493998802,
                "15": 0.361309251601343,
                "30": 0.4407941185355553,
                "60": 0.18769441921758112
            }
        }
    },
    "market_model_stats": {
        "positive": {
            "avg_r_squared": 0.3577803501750733,
            "avg_adj_r_squared": 0.3577254455285977,
            "avg_rmse": 0.00111484771397685,
            "avg_mae": 0.0005854648078985441,
            "avg_data_points": 11699.0,
            "count": 26.0
        },
        "negative": {
            "avg_r_squared": 0.3313035538356438,
            "avg_adj_r_squared": 0.33124638563472353,
            "avg_rmse": 0.0010711730497024946,
            "avg_mae": 0.0006117824954649329,
            "avg_data_points": 11699.0,
            "count": 8.0
        },
        "neutral": {
            "avg_r_squared": 0.361191586722425,
            "avg_adj_r_squared": 0.36113697370940645,
            "avg_rmse": 0.001005202390209313,
            "avg_mae": 0.00053615990010223,
            "avg_data_points": 11699.0,
            "count": 13.0
        },
        "overall": {
            "avg_r_squared": 0.3542171949495442,
            "avg_adj_r_squared": 0.3541619856817789,
            "avg_rmse": 0.0010770862985901943,
            "avg_mae": 0.0005763068866044809,
            "avg_data_points": 11699.0,
            "count": 47.0
        }
    },
    "individual_event_caars_by_sentiment_window": {
        "positive": {
            "5": [
                3.646073284048479e-06,
                -0.001151399967484885,
                -0.00022796656527059256,
                5.99938367102254e-05,
                0.00016585165676127382,
                -0.00026312368317804173,
                0.00013457808752526552,
                -0.0002513586974531628,
                -6.345026283842149e-05,
                0.00017456457212899256,
                0.00043042552914167916,
                -0.0012511319938423669,
                0.0006810573239164261,
                0.00020374626257144664,
                -0.0042082258450068894,
                0.007126997566545445,
                -0.00014976980437255002,
                -9.682756888457328e-05,
                0.00010627944418156667,
                0.00011105167026906012,
                -0.000932326799392442,
                -0.0009445288401601672
            ],
            "15": [
                0.00015227904343882012,
                -0.0008617214658936854,
                -0.00014688907834384048,
                -0.00010710744212344761,
                1.896384121533696e-05,
                0.00037958569043789435,
                -9.773957107384501e-05,
                -0.0009494003178360193,
                -0.0002544542616908645,
                7.964556317821314e-05,
                -0.0005003181695055767,
                -0.00014597987445309402,
                0.0013856151695520464,
                -0.0010945753749826458,
                -0.004329984280206778,
                -0.0024734523251340097,
                0.001671059520362046,
                -0.00027613713447843477,
                0.0007210098482193307,
                0.0003508285989826137,
                2.6698453317324726e-05,
                -0.0010106078854111335
            ],