{
    "ticker": "MO",
    "market_index": "SPY",
    "unique_news_events": 13,
    "events_by_sentiment": {
        "positive": 1,
        "negative": 4,
        "neutral": 4
    },
    "event_windows": [
        5,
        15,
        30,
        60
    ],
    "estimation_window": 30,
    "min_data_points": 200,
    "aar_caar": {
        "positive": {
            "count": {
                "5": 1.0,
                "15": 1.0,
                "30": 2.0,
                "60": 2.0
            },
            "AAR": {
                "5": -0.00020755259494981138,
                "15": -2.9015966085337372e-05,
                "30": -0.0005394237693164535,
                "60": 0.0005421710853139852
            },
            "AAR_std": {
                "5": 0.0,
                "15": 0.0,
                "30": 9.256814998189776e-05,
                "60": 0.000989026704648541
            },
            "CAAR": {
                "5": -0.00020755259494981138,
                "15": -0.00023656856103514875,
                "30": -0.0007759923303516022,
                "60": -0.00023382124503761698
            },
            "t_stat": {
                "5": 0.0,
                "15": 0.0,
                "30": -8.241067911402853,
                "60": 0.77525277970128
            },
            "p_value": {
                "5": 1.0,
                "15": 1.0,
                "30": 0.07687383658551772,
                "60": 0.5801696481082153
            }
        },
        "negative": {
            "count": {
                "5": 4.0,
                "15": 4.0,
                "30": 4.0,
                "60": 4.0
            },
            "AAR": {
                "5": -3.677012911291898e-05,
                "15": -0.0002485278582657883,
                "30": 0.0004634524301751448,
                "60": -0.0002250339792554209
            },
            "AAR_std": {
                "5": 0.00038215466605326257,
                "15": 0.0014459234933434728,
                "30": 0.0006433383012668089,
                "60": 0.001099330235391201
            },
            "CAAR": {
                "5": -3.677012911291898e-05,
                "15": -0.0002852979873787073,
                "30": 0.0001781544427964375,
                "60": -4.687953645898338e-05
            },
            "t_stat": {
                "5": -0.19243585060816276,
                "15": -0.3437634970452086,
                "30": 1.4407736311130623,
                "60": -0.4094019649615871
            },
            "p_value": {
                "5": 0.8596907367288444,
                "15": 0.7537070545365203,
                "30": 0.2452913775784029,
                "60": 0.7097208013913554
            }
        },
        "neutral": {
            "count": {
                "5": 4.0,
                "15": 5.0,
                "30": 5.0,
                "60": 5.0
            },
            "AAR": {
                "5": 0.00012042747932567962,
                "15": 7.546699937256567e-05,
                "30": 0.00040926110776901974,
                "60": -0.0003977637967304346
            },
            "AAR_std": {
                "5": 0.0001561912017455791,
                "15": 0.0005992704290756374,
                "30": 0.0005930475471511797,
                "60": 0.0011103820200244212
            },
            "CAAR": {
                "5": 0.00012042747932567962,
                "15": 0.00019589447869824527,
                "30": 0.000605155586467265,
                "60": 0.00020739178973683037
            },
            "t_stat": {
                "5": 1.542052023158702,
                "15": 0.2815913024697102,
                "30": 1.543106723760058,
                "60": -0.8010098078300105
            },
            "p_value": {
                "5": 0.22072894590270598,
                "15": 0.7922242286361736,
                "30": 0.1976761155517861,
                "60": 0.46800478033091375
            }
        }
    },
    "market_model_stats": {
        "positive": {
            "avg_r_squared": 0.08299424885156748,
            "avg_adj_r_squared": 0.08291585218993214,
            "avg_rmse": 0.0011730697794480392,
            "avg_mae": 0.0006007129008805959,
            "avg_data_points": 11699.0,
            "count": 2.0
        },
        "negative": {
            "avg_r_squared": 0.04290337066802083,
            "avg_adj_r_squared": 0.042821546556767315,
            "avg_rmse": 0.00099744490426603,
            "avg_mae": 0.0005308881763671982,
            "avg_data_points": 11699.0,
            "count": 4.0
        },
        "neutral": {
            "avg_r_squared": 0.035789148011315094,
            "avg_adj_r_squared": 0.03570671569089201,
            "avg_rmse": 0.0009666674925777712,
            "avg_mae": 0.0005164418420670078,
            "avg_data_points": 11699.0,
            "count": 5.0
        },
        "overall": {
            "avg_r_squared": 0.04695888367561762,
            "avg_adj_r_squared": 0.046877406278308505,
            "avg_rmse": 0.0010153869671680957,
            "avg_mae": 0.000537017065233184,
            "avg_data_points": 11699.0,
            "count": 11.0
        }
    },
    "individual_event_caars_by_sentiment_window": {
        "positive": {
            "5": [
                -0.00020755259494981138
            ],
            "15": [
                -2.9015966085337372e-05
            ],
            "30": [
                -0.0004468556193345557,
                -0.0006319919192983512
            ],
            "60": [
                -0.0004468556193345557,
                0.0015311977899625261
            ]
        },
        "negative": {
            "5": [
                -0.00020755259494981138,
                -0.0004902817058677798,
                0.0005532777993867092,
                -2.5240150207939652e-06
            ],
            "15": [
                -0.0026923286991366187,
                0.0008896206636820219,
                5.582276575393742e-05,
                0.0007527738366375063
            ],
            "30": [
                0.0014909850241087773,
                -0.00020774036897585173,
                0.0004923147157970706,
                7.825034977058289e-05
            ],
            "60": [
                0.0013751356356934336,
                -0.0006321302896445287,
                -0.0016570721899469307,
                1.3930926876342195e-05
            ]
        },
        "neutral": {
            "5": [
                0.00035574201326253233,
                1.6959715979285935e-05,
                -5.2295888693150204e-05,
                0.00016130407675405038
            ],
            "15": [
                -0.0003483670900671542,
                -0.00029369654281524217,
                0.000256571515603898,
                0.0011750453172203663,
                -0.00041221820307903954
            ],
            "30": [
                0.00028763963345168706,
                0.0001587661384405534,
                0.0003678290897815128,
                0.0015087166019888006,
                -0.000276645924817455
            ],
            "60": [
                -5.29071791298969e-05,
                0.0007729526745419746,
                -0.00011023152795748557,
                -0.0025173002065992404,
                -8.13327445075246e-05
            ]
        }
    }
}