market_session,count,total_return,avg_return,win_rate
Afternoon,3,-2.093178154422456,-0.697726051474152,0.3333333333333333
Midday,4,0.37665117689881333,0.09416279422470333,0.25
