market_session,count,total_return,avg_return,win_rate
Afternoon,3,-2.5156972162059272,-0.838565738735309,0.3333333333333333
Midday,3,0.973868941297051,0.3246229804323503,0.6666666666666666
