{
    "ticker": "PM",
    "market_index": "SPY",
    "unique_news_events": 23,
    "events_by_sentiment": {
        "positive": 10,
        "negative": 2,
        "neutral": 4
    },
    "event_windows": [
        5,
        15,
        30,
        60
    ],
    "estimation_window": 30,
    "min_data_points": 200,
    "aar_caar": {
        "positive": {
            "count": {
                "5": 10.0,
                "15": 11.0,
                "30": 12.0,
                "60": 13.0
            },
            "AAR": {
                "5": 0.0001754461114413767,
                "15": -0.0002645745764878495,
                "30": 0.0004066536946969351,
                "60": -0.0003616504756529647
            },
            "AAR_std": {
                "5": 0.0014780778640514722,
                "15": 0.0006857797447623688,
                "30": 0.001472009536092653,
                "60": 0.001098654081944233
            },
            "CAAR": {
                "5": 0.0001754461114413767,
                "15": -8.91284650464728e-05,
                "30": 0.0003175252296504623,
                "60": -4.412524600250239e-05
            },
            "t_stat": {
                "5": 0.37535865482331376,
                "15": -1.2795574759669306,
                "30": 0.9569840996687136,
                "60": -1.1868606827138635
            },
            "p_value": {
                "5": 0.716087330116598,
                "15": 0.2295904030149929,
                "30": 0.35913557869570156,
                "60": 0.2582476885070275
            }
        },
        "negative": {
            "count": {
                "5": 2.0,
                "15": 2.0,
                "30": 3.0,
                "60": 3.0
            },
            "AAR": {
                "5": -0.0013602580160453463,
                "15": -0.0003255695631225684,
                "30": -0.0016416016652458477,
                "60": -0.0018532698792837383
            },
            "AAR_std": {
                "5": 0.0012011864587493659,
                "15": 0.0006047853142387971,
                "30": 0.0018428110848169215,
                "60": 0.0017815527435577326
            },
            "CAAR": {
                "5": -0.0013602580160453463,
                "15": -0.0016858275791679146,
                "30": -0.0033274292444137625,
                "60": -0.005180699123697501
            },
            "t_stat": {
                "5": -1.6014960213761764,
                "15": -0.761303029064662,
                "30": -1.5429348745630982,
                "60": -1.8017752225770427
            },
            "p_value": {
                "5": 0.3553480215629601,
                "15": 0.5857541321353668,
                "30": 0.2628117315379632,
                "60": 0.21337062354642655
            }
        },
        "neutral": {
            "count": {
                "5": 4.0,
                "15": 4.0,
                "30": 4.0,
                "60": 5.0
            },
            "AAR": {
                "5": 0.00023061957887920677,
                "15": 0.000606369106175851,
                "30": 7.518117669619045e-05,
                "60": 0.00025462099114048956
            },
            "AAR_std": {
                "5": 0.0002614460057418151,
                "15": 0.0006576805032168844,
                "30": 0.0006350192863006409,
                "60": 0.0011189450673837384
            },
            "CAAR": {
                "5": 0.00023061957887920677,
                "15": 0.0008369886850550578,
                "30": 0.0009121698617512483,
                "60": 0.0011667908528917377
            },
            "t_stat": {
                "5": 1.764185138150091,
                "15": 1.8439625417203152,
                "30": 0.23678391607336785,
                "60": 0.5088273421855568
            },
            "p_value": {
                "5": 0.17589280368296656,
                "15": 0.1623964129229445,
                "30": 0.8280717446330568,
                "60": 0.6376553536921681
            }
        }
    },
    "market_model_stats": {
        "positive": {
            "avg_r_squared": 0.07632444552474044,
            "avg_adj_r_squared": 0.07624547864823572,
            "avg_rmse": 0.0010254901699332628,
            "avg_mae": 0.0005210545431919323,
            "avg_data_points": 11699.0,
            "count": 13.0
        },
        "negative": {
            "avg_r_squared": 0.1255228590324888,
            "avg_adj_r_squared": 0.1254480982270713,
            "avg_rmse": 0.0011566751877169757,
            "avg_mae": 0.0005907210066453693,
            "avg_data_points": 11699.0,
            "count": 3.0
        },
        "neutral": {
            "avg_r_squared": 0.06728597846424483,
            "avg_adj_r_squared": 0.06720623887105547,
            "avg_rmse": 0.0010788498694325503,
            "avg_mae": 0.0005357803340979844,
            "avg_data_points": 11699.0,
            "count": 6.0
        },
        "overall": {
            "avg_r_squared": 0.08056828362293461,
            "avg_adj_r_squared": 0.08048967956066413,
            "avg_rmse": 0.0010579316813126656,
            "avg_mae": 0.0005345706402735971,
            "avg_data_points": 11699.0,
            "count": 22.0
        }
    },
    "individual_event_caars_by_sentiment_window": {
        "positive": {
            "5": [
                0.00035904782966300576,
                0.00013987887839978495,
                -0.00032488843471929914,
                -0.002561444474794712,
                0.002927436413319422,
                0.002499436977125229,
                -0.00016531460256017464,
                -0.00021771864871298886,
                -0.0005947681797110182,
                -0.00030720464359548273
            ],
            "15": [
                0.00032765438376240947,
                -0.0003999211767817996,
                0.00040801987713349455,
                0.0007496152736410024,
                -0.0009303548773613656,
                -4.751688933866569e-06,
                -0.00022431502752021129,
                0.0002587176615220633,
                -0.000315140646420163,
                -0.001361492659405043,
                -0.001418351461002865
            ],
            "30": [
                -0.0019436648794498219,
                0.004052429598549324,
                0.00019818017444550416,
                3.651542576541583e-05,
                7.923087033178967e-05,
                -3.0053407318148216e-05,
                0.002664978312838529,
                -0.00021845557494355283,
                0.0003153581816669876,
                0.00023479752549820145,
                0.00013523174520879052,
                -0.0006447036362297989
            ],
            "60": [
                -0.002142531767011564,
                0.0013778949183976446,
                -0.0006514411984487097,
                8.675956600703954e-05,
                -0.0001735070848188691,
                0.0002998024146730023,
                -0.0014149496871151692,
                -0.0027431762846524435,
                -6.718756117288085e-05,
                0.0008809796437640794,
                -0.00016162352418504965,
                9.595711185757144e-05,
                -8.843273078319148e-05
            ]
        },
        "negative": {
            "5": [
                -0.00015907155729598038,
                -0.002561444474794712
            ],
            "15": [
                0.0002792157511162288,
                -0.0009303548773613656
            ],
            "30": [
                -0.0006736471789013053,
                -0.004221104409518089,
                -3.0053407318148216e-05
            ],
            "60": [
                7.624445878204314e-05,
                -0.004221104409518089,
                -0.0014149496871151692
            ]
        },