{
    "ticker": "BK",
    "market_index": "SPY",
    "unique_news_events": 28,
    "events_by_sentiment": {
        "positive": 0,
        "negative": 2,
        "neutral": 14
    },
    "event_windows": [
        5,
        15,
        30,
        60
    ],
    "estimation_window": 30,
    "min_data_points": 200,
    "aar_caar": {
        "positive": {
            "count": {
                "5": 0.0,
                "15": 0.0,
                "30": 0.0,
                "60": 2.0
            },
            "AAR": {
                "5": 0.0,
                "15": 0.0,
                "30": 0.0,
                "60": 0.021148898824368594
            },
            "AAR_std": {
                "5": 0.0,
                "15": 0.0,
                "30": 0.0,
                "60": 0.017224696610315983
            },
            "CAAR": {
                "5": 0.0,
                "15": 0.0,
                "30": 0.0,
                "60": 0.021148898824368594
            },
            "t_stat": {
                "5": 0.0,
                "15": 0.0,
                "30": 0.0,
                "60": 1.7364055938590954
            },
            "p_value": {
                "5": 1.0,
                "15": 1.0,
                "30": 1.0,
                "60": 0.33264155231802284
            }
        },
        "negative": {
            "count": {
                "5": 2.0,
                "15": 2.0,
                "30": 2.0,
                "60": 2.0
            },
            "AAR": {
                "5": -0.0014176297427934575,
                "15": 0.00032992169321230895,
                "30": -0.000761702723041754,
                "60": -1.8714764626939724e-05
            },
            "AAR_std": {
                "5": 0.001983426001069593,
                "15": 0.00014427820012272486,
                "30": 0.0006177928351279293,
                "60": 7.055679617677075e-05
            },
            "CAAR": {
                "5": -0.0014176297427934575,
                "15": -0.0010877080495811486,
                "30": -0.0018494107726229026,
                "60": -0.0018681255372498423
            },
            "t_stat": {
                "5": -1.0107920374144808,
                "15": 3.2338893378560605,
                "30": -1.743643273556423,
                "60": -0.375111617677901
            },
            "p_value": {
                "5": 0.4965832575884246,
                "15": 0.19092139349510506,
                "30": 0.3314975552106645,
                "60": 0.7715372024035763
            }
        },
        "neutral": {
            "count": {
                "5": 14.0,
                "15": 16.0,
                "30": 17.0,
                "60": 17.0
            },
            "AAR": {
                "5": -2.691772802219675e-05,
                "15": -0.0005288342721489966,
                "30": -0.0015559009287320047,
                "60": -0.0012092200267723667
            },
            "AAR_std": {
                "5": 0.00042883519869127553,
                "15": 0.0017632271223390029,
                "30": 0.0049180519296570776,
                "60": 0.00511995797680144
            },
            "CAAR": {
                "5": -2.691772802219675e-05,
                "15": -0.0005557520001711934,
                "30": -0.002111652928903198,
                "60": -0.0033208729556755646
            },
            "t_stat": {
                "5": -0.23486158831363071,
                "15": -1.1996963192069627,
                "30": -1.3044075101106103,
                "60": -0.9737857063642142
            },
            "p_value": {
                "5": 0.817974983924298,
                "15": 0.2488642640761103,
                "30": 0.2105472403402706,
                "60": 0.34465622589114897
            }
        }
    },
    "market_model_stats": {
        "positive": {
            "avg_r_squared": 0.2758563318970333,
            "avg_adj_r_squared": 0.2757944234018548,
            "avg_rmse": 0.0016599001300062106,
            "avg_mae": 0.0006186683564164475,
            "avg_data_points": 11699.0,
            "count": 2.0
        },
        "negative": {
            "avg_r_squared": 0.22649319267148726,
            "avg_adj_r_squared": 0.22642706402248935,
            "avg_rmse": 0.0019703936996166614,
            "avg_mae": 0.0006417650452802542,
            "avg_data_points": 11699.0,
            "count": 2.0
        },
        "neutral": {
            "avg_r_squared": 0.19693609477236307,
            "avg_adj_r_squared": 0.19686743298748338,
            "avg_rmse": 0.001445405213681735,
            "avg_mae": 0.0005073087472276927,
            "avg_data_points": 11698.0,
            "count": 18.0
        },
        "overall": {
            "avg_r_squared": 0.2067976706836171,
            "avg_adj_r_squared": 0.20672985311924494,
            "avg_rmse": 0.001512630977523499,
            "avg_mae": 0.0005296556478859943,
            "avg_data_points": 11698.181818181818,
            "count": 22.0
        }
    },
    "individual_event_caars_by_sentiment_window": {
        "positive": {
            "5": [],
            "15": [],
            "30": [],
            "60": [
                0.003924202214052609,
                0.038373595434684576
            ]
        },
        "negative": {
            "5": [
                0.0005657962582761355,
                -0.0034010557438630506
            ],
            "15": [
                0.0001856434930895841,
                0.0004741998933350338
            ],
            "30": [
                -0.0001439098879138246,
                -0.0013794955581696833
            ],
            "60": [
                5.184203154983102e-05,
                -8.927156080371047e-05
            ]
        },
        "neutral": {
            "5": [
                0.0002561682437882284,
                6.648046263312956e-05,
                -0.000260423057467353,
                0.00020218132966962326,
                0.00017204792400286846,
                -0.00033957457387930946,
                0.00023395950151329677,
                -0.00024414145935887333,
                -0.001060438558671096,
                -0.00060432665818643,
                6.182405773122294e-05,
                6.181103082866785e-05,
                0.00035336081134371714,
                0.0007242227537415532
            ],
            "15": [
                0.0002561682437882284,
                -5.7781988969120235e-05,
                0.00014437453005921788,
                -0.0006751757522947731,
                0.0004253471759032725,
                -0.00010143476095673585,
                -0.00013143846680870454,
                -0.0001237159366895609,
                0.0013039162351527749,
                9.002060339386656e-05,
                -0.0009410483917963378,
                -0.0009410615246861391,
                2.2888654514895673e-05,
                -0.007050702424168011,
                -0.00045028663071504816,
                -0.00023141792011177012
            ],
            "30": [
                -0.019975855080578447,
                -0.0003097998994543668,
                -1.573635869710129e-05,
                -0.00037160194065769783,
                -0.0008537557193164407,
                0.00017430556781744763,
                -0.0005432994411554891,
                0.000330840775666599,
                0.0008374154663820693,
                0.000328637242122965,
                0.0006014859629092127,
                0.00036567605018722113,
                0.0003656644091153598,
                0.0001723525249560376,
                -0.007050702424168011,
                0.00029268050992960947,
                -0.0007986234335030481
            ],