market_session,count,total_return,avg_return,win_rate
Midday,1,0.6804277381723941,0.6804277381723941,1.0
Afternoon,3,0.16609038772945206,0.05536346257648402,0.3333333333333333
