market_session,count,total_return,avg_return,win_rate
Midday,9,-1.9502442710382677,-0.21669380789314086,0.1111111111111111
Afternoon,3,-1.2448145304221563,-0.41493817680738543,0.0
